연번,도로명,연장,차로 수,방향,오전,낮,오후,전일,"2020 년
전일",전년대비
1,4.19 로,"1,538",3,양방향,30.2,28.7,29.4,30.5,31.5,-1.0
,,,,EB,26.9,25.9,24.2,26.6,27.4,-0.8
,,,,WB,34.9,32.6,37.7,36.2,37.3,-1.1
2,가락로,"3,030",2,양방향,20.4,16.7,15.5,17.5,18.2,-0.7
,,,,EB,21.0,16.5,15.0,17.5,18.0,-0.5
,,,,WB,19.9,16.9,16.1,17.7,18.4,-0.7
3,가로공원로,"1,881",4~5,양방향,20.3,20.2,18.6,20.2,20.7,-0.5
,,,,EB,19.1,19.5,17.5,19.3,19.9,-0.6
,,,,WB,22.0,21.0,20.1,21.3,21.7,-0.4
4,가로공원로 76 길,574,2,양방향,16.1,14.6,14.0,15.1,15.3,-0.2
,,,,NB,15.0,13.8,13.5,14.3,14.1,0.2
,,,,SB,17.7,15.7,14.8,16.3,16.9,-0.6
5,가마산로,"5,462",4~7,양방향,23.4,21.2,19.2,21.4,22.2,-0.8
,,,,EB,23.8,21.5,20.3,22.0,22.9,-0.9
,,,,WB,23.2,21.0,18.2,21.0,21.7,-0.7
6,가산디지털 1 로,"2,419",4~6,양방향,22.6,21.6,14.9,21.1,22.0,-0.9
,,,,NB,22.2,21.1,16.7,21.0,21.7,-0.7
,,,,SB,23.1,22.1,14.3,21.4,22.4,-1.0
7,가산디지털 2 로,"1,998",4~6,양방향,20.2,19.8,13.6,19.1,20.4,-1.3
,,,,NB,20.7,19.6,12.9,18.9,19.4,-0.5
,,,,SB,19.9,20.2,15.0,19.6,21.7,-2.1
8,가산로,"1,618",2~4,양방향,18.4,15.7,13.9,16.1,16.3,-0.2
,,,,NB,16.9,14.4,12.8,14.7,14.8,-0.1
,,,,SB,20.5,17.5,15.5,17.9,18.2,-0.3
9,가양대로,"2,381",4~9,양방향,29.8,30.2,24.8,29.3,30.1,-0.8
,,,,EB,32.8,31.3,26.0,30.5,32.2,-1.7
,,,,WB,27.8,29.3,24.3,28.5,28.7,-0.2
10,가재울미래로,385,4,양방향,22.0,23.8,18.2,21.1,21.0,0.1
,,,,NB,22.6,22.4,19.1,22.6,22.2,0.4
,,,,SB,18.0,33.5,19.7,21.6,21.6,0.0
11,가좌로,"3,376",4~6,양방향,22.0,20.7,18.2,20.6,21.6,-1.0
,,,,NB,23.2,20.0,17.4,20.3,21.2,-0.9
,,,,SB,21.3,21.6,19.2,21.1,22.2,-1.1
12,갈현로,"3,466",2,양방향,18.8,16.8,15.6,17.3,18.0,-0.7
,,,,NB,18.7,16.1,15.3,16.9,17.5,-0.6
,,,,SB,19.0,17.5,16.0,17.7,18.5,-0.8
13,강남대로,"7,816",6~12,양방향,26.4,19.6,17.9,21.6,22.2,-0.6
,,,,NB,26.7,19.0,17.9,21.4,22.3,-0.9
,,,,SB,26.1,20.3,17.9,21.9,22.2,-0.3
14,강남순환로,"12,769",6~14,양방향,83.3,83.8,74.2,83.0,81.9,1.1
,,,,EB,77.2,83.2,84.9,83.8,78.6,5.2
,,,,WB,92.0,84.5,67.3,83.6,88.1,-4.5
15,강동대로,"5,120",5~11,양방향,30.3,28.1,25.9,28.8,29.9,-1.1
,,,,EB,27.5,25.1,24.1,26.2,27.7,-1.5
,,,,WB,33.9,32.0,28.0,32.0,32.6,-0.6
16,강변북로,"30,221",6~12,양방향,52.4,51.5,36.1,49.5,52.0,-2.5
,,,,EB,50.1,49.9,35.8,48.1,50.6,-2.5
,,,,WB,55.3,54.1,36.7,51.6,54.0,-2.4
17,강변역로,661,4~12,양방향,19.4,19.4,19.0,19.2,19.2,0.0
,,,,EB,20.7,19.8,19.7,19.9,20.1,-0.2
,,,,WB,18.1,18.9,18.4,18.6,18.4,0.2
18,강변역로 4 길,270,2,양방향,16.6,14.3,14.4,14.9,14.3,0.6
,,,,EB,15.4,13.7,13.6,14.0,13.0,1.0
,,,,WB,18.9,15.5,15.8,16.6,16.5,0.1
19,강서로,"5,569",4~7,양방향,22.6,18.9,16.5,19.5,20.5,-1.0
,,,,NB,22.4,19.3,18.3,20.1,21.2,-1.1
,,,,SB,22.9,18.5,15.1,19.2,20.0,-0.8
20,강서로 17 길,588,2,양방향,19.6,17.2,16.2,17.6,18.0,-0.4
,,,,EB,20.5,16.9,15.5,17.4,18.0,-0.6
,,,,WB,18.9,17.7,17.3,18.0,18.3,-0.3
21,강서로 29 길,579,2,양방향,15.7,15.1,14.3,15.2,15.7,-0.5
,,,,EB,16.7,15.7,14.8,15.7,15.9,-0.2
,,,,WB,15.2,14.8,14.1,15.0,15.9,-0.9
22,개봉로,"1,326",4~5,양방향,21.6,20.0,16.2,19.6,21.3,-1.7
,,,,NB,20.4,17.5,12.7,17.3,19.1,-1.8
,,,,SB,23.3,23.6,22.7,23.3,24.8,-1.5
23,개포로,"4,498",4,양방향,22.5,20.2,17.7,20.7,22.2,-1.5
,,,,EB,23.6,20.7,18.8,21.3,22.4,-1.1
,,,,WB,21.6,19.8,16.8,20.2,22.1,-1.9
24,개화동로,"5,807",6~12,양방향,34.7,37.1,28.4,35.5,37.7,-2.2
,,,,NB,39.3,36.3,30.4,37.0,39.7,-2.7
,,,,SB,31.8,38.3,27.4,34.8,36.5,-1.7
25,거마로,"1,002",4,양방향,22.0,20.2,19.9,20.8,21.7,-0.9
,,,,NB,21.6,19.1,19.0,20.1,21.2,-1.1
,,,,SB,22.6,21.7,21.0,21.8,22.4,-0.6
26,거북골로,"2,368",2~4,양방향,15.0,14.0,13.5,14.2,15.2,-1.0
,,,,EB,15.6,14.2,13.5,14.5,15.3,-0.8
,,,,WB,14.5,13.8,13.5,14.0,15.1,-1.1
27,겸재로,"2,830",4~5,양방향,19.6,18.7,16.5,18.5,19.1,-0.6
,,,,EB,20.3,18.9,15.7,18.6,19.3,-0.7
,,,,WB,19.0,18.6,17.5,18.6,19.1,-0.5
28,경부고속도로*,"7,361",10,양방향,47.7,36.8,28.9,41.2,50.5,-9.3
,,,,NB,53.4,40.5,32.9,45.6,51.1,-5.5
,,,,SB,44.9,34.7,26.4,38.9,51.6,-12.7
29,경인고속도로,"9,338",4~8,양방향,66.3,74.2,59.3,70.1,69.4,0.7
,,,,EB,57.8,67.9,48.7,62.4,62.3,0.1
,,,,WB,77.7,81.4,74.5,80.2,83.6,-3.4
30,경인로,"9,536",4~12,양방향,23.6,21.8,18.9,21.9,22.5,-0.6
,,,,EB,22.0,21.5,21.8,22.4,23.3,-0.9
,,,,WB,25.8,22.2,16.8,21.8,22.2,-0.4
31,경춘북로,604,6,양방향,26.0,29.4,20.2,27.0,28.5,-1.5
,,,,NB,28.1,27.7,23.6,27.9,29.4,-1.5
,,,,SB,25.4,31.7,18.3,27.2,28.7,-1.5
32,고덕로,"4,164",4~5,양방향,24.6,23.9,21.9,23.9,24.1,-0.2
,,,,EB,25.5,23.1,21.6,23.6,23.3,0.3
,,,,WB,23.9,24.7,22.3,24.3,25.2,-0.9
33,고덕로 55 길,458,2,양방향,24.4,25.0,23.4,24.6,25.1,-0.5
,,,,NB,26.6,26.6,25.4,26.3,26.4,-0.1
,,,,SB,22.9,23.8,22.0,23.4,24.1,-0.7
34,고덕로 61 길,812,3~4,양방향,17.2,16.7,16.3,16.8,18.7,-1.9
,,,,NB,17.2,16.8,16.1,16.9,18.8,-1.9
,,,,SB,17.4,16.8,16.6,16.9,18.9,-2.0
35,고덕로 62 길,649,2,양방향,17.3,16.4,14.9,16.2,17.3,-1.1
,,,,NB,16.5,15.8,13.8,15.3,16.0,-0.7
,,,,SB,18.6,17.4,16.5,17.7,19.2,-1.5
36,고덕로 79 길,680,2,양방향,13.7,13.4,12.6,13.3,14.1,-0.8
,,,,NB,13.3,13.3,12.7,13.3,14.1,-0.8
,,,,SB,14.3,13.7,12.7,13.6,14.3,-0.7
37,고덕로 80 길,690,4,양방향,20.1,20.5,20.3,20.3,21.3,-1.0
,,,,NB,19.9,20.5,20.5,20.3,20.6,-0.3
,,,,SB,20.6,20.7,20.2,20.4,22.3,-1.9
38,고산자로,"5,647",4~10,양방향,22.8,21.4,19.1,21.3,22.5,-1.2
,,,,NB,26.8,22.5,18.4,22.5,23.5,-1.0
,,,,SB,20.4,20.6,20.1,20.9,22.1,-1.2
39,고척로,"2,462",3~4,양방향,16.9,17.0,16.2,16.9,17.9,-1.0
,,,,EB,15.6,16.3,15.8,16.2,17.1,-0.9
,,,,WB,18.5,17.7,16.6,17.7,18.9,-1.2
40,곰달래로,"2,782",2~3,양방향,17.7,15.2,14.0,15.8,16.0,-0.2
,,,,EB,18.8,16.4,15.6,17.0,17.2,-0.2
,,,,WB,16.7,14.2,12.8,14.8,15.1,-0.3
41,공릉로,"4,386",2~5,양방향,19.4,17.7,16.8,18.1,18.9,-0.8
,,,,NB,19.7,18.2,16.7,18.4,19.5,-1.1
,,,,SB,19.1,17.3,16.9,17.9,18.4,-0.5
42,공원로,"1,272",4~9,양방향,24.9,23.6,22.8,23.8,-,-
,,,,NB,24.1,23.3,21.9,23.3,-,-
,,,,SB,25.9,24.0,23.9,24.5,-,-
43,공항대로,"6,772",8~10,양방향,24.7,21.8,19.1,22.1,23.3,-1.2
,,,,EB,23.6,21.8,18.1,21.6,23.1,-1.5
,,,,WB,26.0,21.8,20.3,22.7,23.7,-1.0
44,공항대로 41 길,812,2~4,양방향,17.5,14.9,13.7,15.4,15.7,-0.3
,,,,NB,18.8,15.1,14.6,16.1,16.6,-0.5
,,,,SB,16.6,14.9,13.0,15.0,15.1,-0.1
45,공항대로 59 길,651,3,양방향,15.2,12.2,9.2,12.6,13.0,-0.4
,,,,NB,18.3,16.2,16.1,17.2,18.1,-0.9
,,,,SB,13.3,10.1,6.7,10.4,10.6,-0.2
46,과천대로,"2,237",9,양방향,23.1,19.6,16.3,20.0,21.6,-1.6
,,,,NB,19.0,15.2,12.2,16.0,17.7,-1.7
,,,,SB,31.6,28.4,25.5,28.4,29.8,-1.4
47,관악로,"2,370",6~9,양방향,23.6,19.4,17.3,20.7,21.8,-1.1
,,,,NB,25.5,20.0,17.1,21.2,21.5,-0.3
,,,,SB,22.1,19.1,18.0,20.4,22.5,-2.1
48,광나루로,"6,641",2~7,양방향,27.1,24.8,21.6,24.8,26.0,-1.2
,,,,EB,28.2,24.5,21.9,25.3,26.2,-0.9
,,,,WB,26.3,25.0,21.5,24.5,26.0,-1.5
49,광나루로 56 길,504,7,양방향,21.7,20.8,19.2,20.7,21.3,-0.6
,,,,NB,17.6,16.9,15.2,16.9,17.6,-0.7
,,,,SB,28.8,27.5,26.6,27.4,27.7,-0.3
50,광운로,"1,534",2~4,양방향,20.9,20.5,20.3,20.7,21.4,-0.7
,,,,NB,21.6,20.3,19.8,20.6,21.3,-0.7
,,,,SB,20.4,20.9,20.9,20.9,21.7,-0.8
51,광평로,"3,429",6,양방향,26.6,25.7,24.3,25.7,26.0,-0.3
,,,,EB,26.3,25.5,24.6,25.6,26.1,-0.5
,,,,WB,27.0,26.0,24.1,26.0,26.0,0.0
52,구로동로,"2,169",4,양방향,21.3,18.5,17.6,19.1,19.6,-0.5
,,,,NB,22.3,18.1,17.8,19.2,19.7,-0.5
,,,,SB,20.5,19.0,17.4,19.2,19.5,-0.3
53,구로중앙로,"2,484",4~8,양방향,23.7,21.8,19.6,21.9,22.9,-1.0
,,,,NB,24.9,22.9,19.6,22.7,23.0,-0.3
,,,,SB,22.8,20.9,19.9,21.4,22.9,-1.5
54,구의강변로,325,4,양방향,16.4,14.7,14.9,15.3,15.7,-0.4
,,,,NB,14.2,12.4,12.5,13.0,13.3,-0.3
,,,,SB,20.3,18.7,18.9,19.3,19.7,-0.4
55,구천면로,"6,726",2~6,양방향,20.1,18.7,16.8,18.8,19.2,-0.4
,,,,EB,20.1,17.9,16.3,18.4,18.7,-0.3
,,,,WB,20.1,19.6,17.3,19.3,19.8,-0.5
56,국제금융로,"1,331",4~7,양방향,21.5,18.8,16.0,19.0,20.3,-1.3
,,,,NB,22.3,20.7,19.2,20.9,22.1,-1.2
,,,,SB,21.0,17.5,14.1,17.8,19.1,-1.3
57,국회대로,"9,398",4~11,양방향,30.1,30.0,25.9,29.5,29.3,0.2
,,,,EB,29.6,29.3,30.4,30.4,30.6,-0.2
,,,,WB,30.6,30.7,23.0,29.2,28.8,0.4
58,군자로,866,2,양방향,16.8,16.4,16.1,16.6,17.3,-0.7
,,,,NB,18.7,17.0,16.6,17.5,18.4,-0.9
,,,,SB,15.6,15.9,15.9,16.0,16.5,-0.5
59,금낭화로,"2,269",2~4,양방향,20.5,17.2,17.2,18.4,19.0,-0.6
,,,,NB,19.8,16.4,16.7,17.7,18.4,-0.7
,,,,SB,21.4,18.2,17.9,19.2,19.7,-0.5
60,금하로,"2,871",4~6,양방향,19.3,17.2,15.1,17.6,18.5,-0.9
,,,,EB,18.8,17.4,14.9,17.5,18.6,-1.1
,,,,WB,19.8,17.1,15.4,17.8,18.5,-0.7
61,금호로,"3,297",2~4,양방향,19.4,17.4,16.7,18.0,18.9,-0.9
,,,,NB,20.1,18.4,17.3,18.6,19.8,-1.2
,,,,SB,18.9,16.6,16.3,17.4,18.2,-0.8
62,긴고랑로,"1,861",2~5,양방향,20.3,17.8,16.7,18.6,20.5,-1.9
,,,,EB,21.1,19.1,16.9,19.5,21.9,-2.4
,,,,WB,19.7,16.7,16.6,17.9,19.4,-1.5
63,김포대로,514,4,양방향,21.8,27.6,24.1,26.4,27.7,-1.3
,,,,NB,38.2,36.3,33.8,36.5,38.2,-1.7
,,,,SB,16.2,22.4,19.0,21.3,22.4,-1.1
64,까치산로,"2,046",2,양방향,17.9,15.9,14.4,16.2,16.3,-0.1
,,,,NB,19.4,18.7,17.9,18.9,18.8,0.1
,,,,SB,16.8,13.9,12.1,14.3,14.5,-0.2
65,나루터로,902,4,양방향,18.1,15.3,14.1,15.9,16.0,-0.1
,,,,EB,17.0,14.7,14.0,15.2,15.2,0.0
,,,,WB,19.5,16.1,14.4,16.9,17.2,-0.3
66,난계로,"2,640",4~5,양방향,21.1,19.2,17.4,19.4,20.3,-0.9
,,,,NB,21.5,19.4,17.0,19.3,20.0,-0.7
,,,,SB,20.8,19.0,17.9,19.5,20.6,-1.1
67,난곡로,"3,701",4~6,양방향,22.1,21.0,18.4,20.7,21.5,-0.8
,,,,NB,21.7,20.9,17.5,20.1,20.5,-0.4
,,,,SB,22.7,21.2,19.6,21.5,22.6,-1.1
68,남대문로,"1,329",6~9,양방향,25.4,20.2,18.7,21.7,23.0,-1.3
,,,,NB,24.7,20.8,21.5,22.6,23.9,-1.3
,,,,SB,26.2,19.8,16.6,21.1,22.2,-1.1
69,남대문로 7 길,248,4,양방향,20.5,17.2,18.0,19.1,19.9,-0.8
,,,,EB,24.1,28.8,28.8,27.9,28.1,-0.2
,,,,WB,18.7,12.8,13.4,15.2,16.1,-0.9
70,남부순환로,"32,092",4~13,양방향,28.3,26.9,22.3,26.5,27.6,-1.1
,,,,EB,28.0,27.1,22.7,26.7,27.8,-1.1
,,,,WB,28.8,26.8,22.0,26.4,27.5,-1.1
71,남부순환로 72 길,228,3,양방향,14.7,14.9,14.3,15.1,15.6,-0.5
,,,,EB,11.6,11.8,11.2,12.0,12.5,-0.5
,,,,WB,21.5,20.5,20.5,21.0,21.2,-0.2
72,내부순환로,"22,265",4~6,양방향,55.6,60.8,41.8,55.8,56.7,-0.9
,,,,EB,54.8,58.4,39.6,53.5,53.7,-0.2
,,,,WB,57.0,64.5,45.0,59.3,61.2,-1.9
73,노들로,"8,599",4~10,양방향,41.9,42.4,35.8,41.1,41.6,-0.5
,,,,EB,38.3,40.2,37.7,40.0,41.1,-1.1
,,,,WB,46.8,45.1,34.5,43.0,43.1,-0.1
74,노량진로,"2,582",6,양방향,25.9,24.2,21.9,24.3,24.3,0.0
,,,,EB,25.2,24.1,23.6,24.6,24.7,-0.1
,,,,WB,26.7,24.4,20.6,24.1,24.2,-0.1
75,노량진로 23 길,270,3,양방향,25.4,24.1,21.8,24.1,24.9,-0.8
,,,,NB,23.0,21.4,18.5,21.4,22.3,-0.9
,,,,SB,28.6,27.8,26.9,27.8,28.5,-0.7
76,노원로,"5,991",4~9,양방향,26.0,24.4,22.1,24.6,26.2,-1.6
,,,,NB,29.1,26.3,23.5,26.5,27.4,-0.9
,,,,SB,23.6,22.7,20.9,23.0,25.1,-2.1
77,노원로 26 길,"1,006",2,양방향,20.4,19.5,18.5,19.5,20.3,-0.8
,,,,NB,22.4,20.8,19.6,21.0,21.4,-0.4
,,,,SB,18.9,18.5,17.7,18.3,19.5,-1.2
78,노해로,"5,312",4~8,양방향,22.5,19.7,17.9,20.1,20.6,-0.5
,,,,EB,23.0,20.7,18.2,20.7,21.0,-0.3
,,,,WB,22.1,18.9,17.7,19.5,20.4,-0.9
79,노해로 66 길,685,4,양방향,22.5,21.9,21.4,22.1,-,-
,,,,NB,21.4,20.4,19.9,20.7,-,-
,,,,SB,23.9,23.8,23.3,23.9,-,-
80,녹사평대로,"4,272",4~8,양방향,38.4,34.7,30.8,35.0,36.9,-1.9
,,,,NB,37.0,33.6,33.0,34.6,36.6,-2.0
,,,,SB,39.9,35.8,29.4,35.6,37.5,-1.9
81,녹사평대로 26 길,519,2,양방향,24.9,20.5,21.8,22.6,23.9,-1.3
,,,,EB,21.3,18.4,19.0,19.8,20.9,-1.1
,,,,WB,30.2,23.1,25.6,26.4,28.2,-1.8
82,녹사평대로 58 길,"2,087",2,양방향,32.7,31.5,27.9,31.2,31.9,-0.7
,,,,NB,30.0,28.4,27.3,28.9,29.6,-0.7
,,,,SB,35.7,35.2,29.3,34.1,34.7,-0.6
83,논현로,"8,312",4~8,양방향,27.7,21.3,18.0,22.6,23.8,-1.2
,,,,NB,28.3,21.2,19.2,23.0,24.4,-1.4
,,,,SB,27.1,21.4,17.0,22.2,23.2,-1.0
84,농수산시장로,460,6,양방향,25.7,27.9,21.2,26.0,-,-
,,,,NB,29.7,34.1,24.8,31.2,-,-
,,,,SB,23.3,24.2,19.0,22.9,-,-
85,능동로,"4,502",4~6,양방향,20.8,19.5,16.9,19.2,20.3,-1.1
,,,,NB,23.5,21.1,16.5,20.4,21.4,-1.0
,,,,SB,19.0,18.1,17.4,18.5,19.6,-1.1
86,다산로,"2,986",4~6,양방향,22.0,17.3,15.3,18.3,19.1,-0.8
,,,,NB,22.1,16.3,13.1,17.1,17.8,-0.7
,,,,SB,22.1,18.5,18.9,20.2,21.2,-1.0
87,답십리로,"4,123",2~7,양방향,21.9,18.8,16.9,19.3,20.7,-1.4
,,,,EB,22.9,18.9,16.1,19.4,20.9,-1.5
,,,,WB,21.1,18.7,17.9,19.3,20.5,-1.2
88,당산로,"2,523",4~8,양방향,20.9,19.4,17.8,19.6,20.6,-1.0
,,,,NB,22.1,19.2,17.8,20.0,20.9,-0.9
,,,,SB,19.9,19.5,17.8,19.3,20.4,-1.1
89,당산로 54 길,472,4,양방향,28.7,28.5,28.2,28.7,29.5,-0.8
,,,,NB,30.3,31.4,31.3,31.3,32.3,-1.0
,,,,SB,27.6,26.2,25.8,26.6,27.4,-0.8
90,대림로,"2,669",4~6,양방향,20.5,17.5,15.6,18.1,19.3,-1.2
,,,,NB,20.2,16.9,15.2,17.6,18.8,-1.2
,,,,SB,20.9,18.1,16.1,18.7,19.9,-1.2
91,대방천로,"2,659",2~5,양방향,20.5,18.9,17.9,19.3,20.1,-0.8
,,,,NB,22.3,20.5,19.6,21.0,21.7,-0.7
,,,,SB,19.0,17.6,16.6,17.8,18.8,-1.0
92,대학로,"1,637",4~6,양방향,21.5,18.0,18.9,19.4,20.0,-0.6
,,,,NB,21.1,17.9,17.8,18.8,19.5,-0.7
,,,,SB,22.1,18.3,20.7,20.4,20.8,-0.4
93,대흥로,"1,970",2~6,양방향,19.3,16.3,16.8,17.5,19.1,-1.6
,,,,NB,18.9,15.2,16.7,16.9,18.6,-1.7
,,,,SB,19.9,17.7,16.9,18.4,19.7,-1.3
94,덕릉로,"9,642",2~8,양방향,23.2,21.1,18.9,21.4,22.3,-0.9
,,,,NB,22.9,20.9,19.4,21.6,22.5,-0.9
,,,,SB,23.6,21.3,18.5,21.3,22.1,-0.8
95,덕수궁길,938,1,양방향,20.0,16.8,18.4,18.8,19.7,-0.9
,,,,NB,20.0,16.8,18.4,18.8,19.7,-0.9
96,도곡로,"4,681",6~9,양방향,25.5,22.0,16.9,22.0,23.0,-1.0
,,,,EB,26.3,21.4,16.2,22.1,23.0,-0.9
,,,,WB,24.9,22.6,17.9,22.1,23.1,-1.0
97,도곡로 62 길,637,2,양방향,22.5,23.2,23.2,23.1,23.5,-0.4
,,,,EB,27.2,25.6,25.2,25.9,26.3,-0.4
,,,,WB,19.6,21.3,21.6,21.1,21.6,-0.5
98,도당로,"1,520",4,양방향,19.6,17.7,16.9,18.3,18.9,-0.6
,,,,NB,19.5,17.5,17.1,18.2,18.8,-0.6
,,,,SB,19.9,18.1,16.8,18.4,19.2,-0.8
99,도당로 13 길,621,2,양방향,14.8,11.1,11.1,12.2,12.6,-0.4
,,,,NB,14.8,11.7,11.7,12.8,13.7,-0.9
,,,,SB,15.1,10.7,10.7,11.9,11.8,0.1
100,도림로,"4,947",4~6,양방향,23.0,20.2,18.0,20.6,21.6,-1.0
,,,,NB,24.1,21.1,18.7,21.5,22.7,-1.2
,,,,SB,22.1,19.5,17.4,19.9,20.7,-0.8
101,도림천로,"4,999",4~8,양방향,29.7,28.4,23.8,27.6,28.9,-1.3
,,,,NB,29.9,27.6,21.4,26.6,27.7,-1.1
,,,,SB,29.7,29.3,27.3,29.0,30.6,-1.6
102,도봉로,"9,981",6~9,양방향,25.5,22.2,19.6,22.7,23.4,-0.7
,,,,NB,26.7,22.0,19.3,23.0,23.7,-0.7
,,,,SB,24.5,22.5,20.0,22.6,23.3,-0.7
103,도봉로 170 길,394,4,양방향,18.2,17.3,13.4,16.7,17.7,-1.0
,,,,EB,18.4,16.3,14.8,16.8,17.9,-1.1
,,,,WB,18.9,18.6,12.7,17.1,18.0,-0.9
104,도봉로 8 길,877,3,양방향,13.4,14.1,12.9,14.0,14.6,-0.6
,,,,NB,10.0,10.9,10.6,11.1,11.7,-0.6
,,,,SB,22.6,20.8,17.1,20.3,20.6,-0.3
105,도산대로,"3,279",9~12,양방향,27.0,19.0,15.5,20.5,21.4,-0.9
,,,,EB,26.8,19.5,16.1,21.2,21.9,-0.7
,,,,WB,27.2,18.5,15.1,20.0,21.0,-1.0
106,도신로,"2,653",4~5,양방향,21.5,20.0,18.3,20.1,20.7,-0.6
,,,,EB,20.1,20.4,19.8,20.3,20.7,-0.4
,,,,WB,23.1,19.7,17.0,20.1,20.8,-0.7
107,도영로,"1,443",4,양방향,23.2,21.5,21.0,21.9,-,-
,,,,EB,23.8,22.1,21.7,22.6,-,-
,,,,WB,22.8,20.9,20.3,21.2,-,-
108,독막로,"3,394",4~6,양방향,24.3,21.5,20.1,22.0,22.5,-0.5
,,,,EB,24.1,21.3,21.2,22.3,23.0,-0.7
,,,,WB,24.6,21.8,19.1,21.8,22.2,-0.4
109,독산로,"3,724",4,양방향,21.0,18.9,16.9,19.3,19.9,-0.6
,,,,NB,19.8,18.7,17.1,18.9,19.3,-0.4
,,,,SB,22.5,19.1,16.8,19.7,20.8,-1.1
110,독서당로,"3,829",4~5,양방향,23.3,20.8,18.5,20.9,21.9,-1.0
,,,,NB,25.3,22.5,18.9,22.3,23.0,-0.7
,,,,SB,21.7,19.3,18.2,19.8,21.0,-1.2
111,돈화문로,916,2~4,양방향,20.9,15.9,15.3,17.6,16.8,0.8
,,,,NB,21.3,16.2,14.9,17.7,17.1,0.6
,,,,SB,20.6,15.7,16.1,17.6,16.7,0.9
112,돌곶이로,"2,051",4,양방향,19.6,17.7,16.1,18.0,19.1,-1.1
,,,,NB,19.7,17.1,14.4,17.2,18.9,-1.7
,,,,SB,19.6,18.5,18.5,19.0,19.4,-0.4
113,동교로,"2,245",4,양방향,21.7,18.1,16.7,18.8,20.0,-1.2
,,,,EB,23.4,18.5,17.8,19.8,20.3,-0.5
,,,,WB,20.3,17.8,15.8,18.0,19.7,-1.7
114,동남로,"10,513",4~8,양방향,25.2,24.1,21.0,24.1,24.9,-0.8
,,,,NB,26.3,24.0,21.0,24.3,24.9,-0.6
,,,,SB,24.3,24.3,21.1,24.0,25.0,-1.0
115,동남로 12 길,382,4,양방향,16.5,16.0,15.8,16.1,17.0,-0.9
,,,,NB,17.2,17.0,16.2,16.7,17.4,-0.7
,,,,SB,16.7,15.6,15.8,16.1,17.2,-1.1
116,동남로 79 길,388,3,양방향,24.5,25.4,23.5,24.8,25.2,-0.4
,,,,EB,25.7,26.7,25.0,26.0,26.3,-0.3
,,,,WB,23.7,24.3,22.4,23.8,24.3,-0.5
117,동남로 81 길,522,3,양방향,20.4,18.5,17.9,18.8,19.8,-1.0
,,,,EB,22.5,21.1,20.9,21.4,22.8,-1.4
,,,,WB,18.9,16.7,15.8,17.1,17.8,-0.7
118,동남로 82 길,826,2,양방향,22.2,21.2,21.1,21.5,21.9,-0.4
,,,,EB,22.7,21.2,21.0,21.6,22.1,-0.5
,,,,WB,22.1,21.5,21.5,21.6,22.0,-0.4
119,동부간선도로,"19,957",5~8,양방향,48.9,54.8,41.6,50.9,50.4,0.5
,,,,NB,63.7,51.9,34.1,51.6,54.2,-2.6
,,,,SB,41.7,59.2,58.7,55.6,50.8,4.8
120,동산로,979,2~4,양방향,18.3,16.2,15.4,16.9,-,-
,,,,EB,19.6,17.3,16.4,18.0,-,-
,,,,WB,17.2,15.3,14.6,16.1,-,-
121,동소문로,"3,332",6~8,양방향,22.4,19.4,16.3,20.0,20.9,-0.9
,,,,NB,30.0,21.5,13.6,21.6,22.7,-1.1
,,,,SB,18.7,17.8,21.6,20.2,20.8,-0.6
122,동소문로 20 길,251,2,양방향,13.2,10.9,10.3,11.4,11.4,0.0
,,,,NB,16.5,14.4,12.4,14.2,14.0,0.2
,,,,SB,11.4,9.0,9.1,9.8,9.9,-0.1
123,동일로,"17,984",3~9,양방향,26.5,24.6,21.4,24.4,25.6,-1.2
,,,,NB,30.4,26.0,21.2,25.9,26.7,-0.8
,,,,SB,23.8,23.3,21.8,23.4,24.9,-1.5
124,동일로 173 가길,899,4,양방향,17.2,14.9,15.2,15.9,17.3,-1.4
,,,,NB,17.8,15.8,15.7,16.7,17.9,-1.2
,,,,SB,16.9,14.4,14.9,15.4,17.0,-1.6
125,동일로 191 가길,419,2,양방향,21.0,18.3,18.5,19.3,19.6,-0.3
,,,,NB,24.6,21.1,21.0,22.1,22.2,-0.1
,,,,SB,18.6,16.5,16.8,17.5,17.9,-0.4
126,동일로 213 길,527,2,양방향,17.5,16.4,16.1,16.7,17.8,-1.1
,,,,EB,16.9,14.8,14.9,15.5,16.6,-1.1
,,,,WB,18.6,18.6,17.7,18.6,19.7,-1.1
127,동일로 214 길,593,2,양방향,17.9,17.7,17.2,17.7,17.8,-0.1
,,,,EB,19.1,17.5,17.7,18.0,18.4,-0.4
,,,,WB,17.2,18.2,16.9,17.7,17.6,0.1
128,동일로 243 길,520,4,양방향,19.2,18.5,16.5,18.5,19.5,-1.0
,,,,EB,19.8,17.6,16.1,18.2,18.6,-0.4
,,,,WB,19.0,19.8,17.1,19.1,20.6,-1.5
129,동작대로,"5,132",4~9,양방향,28.5,23.4,20.0,25.0,25.0,0.0
,,,,NB,28.4,24.6,26.0,27.0,27.8,-0.8
,,,,SB,28.9,22.4,16.8,23.9,23.4,0.5
130,동호로,"4,073",4~10,양방향,25.1,21.6,20.9,23.1,24.0,-0.9
,,,,NB,23.7,19.5,20.9,21.9,22.8,-0.9
,,,,SB,27.0,24.4,21.1,24.8,25.6,-0.8
131,두산로,915,4,양방향,22.0,19.7,18.6,20.3,20.8,-0.5
,,,,EB,20.5,17.7,16.2,18.2,18.6,-0.4
,,,,WB,24.2,22.4,22.2,23.1,23.8,-0.7
132,두텁바위로,579,3,양방향,20.9,18.5,14.0,18.4,19.7,-1.3
,,,,EB,21.1,18.5,18.4,19.6,21.1,-1.5
,,,,WB,21.0,18.6,11.9,17.7,18.7,-1.0
133,등촌로,"2,443",6~7,양방향,23.2,21.8,20.0,22.1,22.7,-0.6
,,,,NB,23.6,21.1,19.9,21.6,22.5,-0.9
,,,,SB,23.0,22.7,20.4,22.7,23.0,-0.3
134,디지털로,"3,876",4~6,양방향,20.9,17.5,14.4,17.9,18.4,-0.5
,,,,NB,22.3,18.3,15.4,18.8,19.5,-0.7
,,,,SB,19.8,17.0,13.9,17.4,17.6,-0.2
135,디지털로 10 길,618,5,양방향,15.6,14.6,13.0,14.5,14.7,-0.2
,,,,NB,14.2,13.5,13.3,13.6,13.1,0.5
,,,,SB,17.9,16.4,13.2,16.1,17.4,-1.3
136,디지털로 9 길,768,4,양방향,19.9,16.8,15.1,17.6,17.6,0.0
,,,,EB,18.9,15.7,13.8,16.5,16.7,-0.2
,,,,WB,21.3,18.4,17.0,19.2,19.0,0.2
137,뚝섬로,"6,907",2~7,양방향,21.5,19.0,16.5,19.3,20.6,-1.3
,,,,EB,22.5,18.9,15.9,19.3,20.5,-1.2
,,,,WB,20.7,19.2,17.4,19.3,20.8,-1.5
138,마곡서로,654,4,양방향,25.1,25.8,26.1,26.5,26.6,-0.1
,,,,EB,23.0,23.1,24.5,24.6,23.9,0.7
,,,,WB,28.7,30.5,29.2,30.0,30.2,-0.2
139,마곡중앙 5 로,999,4,양방향,21.5,20.7,19.2,20.6,20.9,-0.3
,,,,EB,25.1,25.0,23.0,24.5,25.4,-0.9
,,,,WB,19.5,18.2,16.9,18.3,18.2,0.1
140,마곡중앙로,"2,125",4~6,양방향,26.3,24.9,19.8,23.7,25.5,-1.8
,,,,NB,28.0,24.6,18.7,23.8,25.8,-2.0
,,,,SB,24.2,25.5,22.0,24.0,25.7,-1.7
141,마들로,"8,443",2~7,양방향,26.0,23.7,21.4,23.9,23.5,0.4
,,,,NB,27.2,24.3,21.8,24.7,23.6,1.1
,,,,SB,24.9,23.2,21.1,23.3,23.4,-0.1
142,마른내로,"1,756",2,양방향,17.6,15.0,15.9,16.6,17.0,-0.4
,,,,EB,18.2,15.7,16.9,17.5,18.0,-0.5
,,,,WB,17.2,14.4,15.1,15.9,16.2,-0.3
143,마방로,766,4,양방향,22.8,21.1,19.8,21.5,22.2,-0.7
,,,,EB,22.4,19.8,17.8,20.4,22.0,-1.6
,,,,WB,23.6,22.8,22.7,23.0,22.8,0.2
144,마장로,"3,687",2~7,양방향,20.4,16.7,15.5,17.6,18.4,-0.8
,,,,EB,21.3,16.2,13.5,17.1,17.7,-0.6
,,,,WB,19.8,17.3,18.6,18.5,19.5,-1.0
145,마장로 1 길,216,3,양방향,15.4,13.0,16.1,14.3,13.8,0.5
,,,,NB,15.2,12.8,18.3,14.6,14.0,0.6
,,,,SB,16.2,14.2,15.2,14.8,14.5,0.3
146,마조로,870,2~4,양방향,21.0,19.2,18.6,19.8,21.3,-1.5
,,,,NB,21.7,18.8,17.4,19.8,21.5,-1.7
,,,,SB,20.5,19.6,20.3,20.1,21.3,-1.2
147,마천로,"3,494",2~4,양방향,20.0,18.4,18.0,18.8,19.9,-1.1
,,,,EB,20.8,19.2,19.1,19.8,21.0,-1.2
,,,,WB,19.4,17.7,17.0,18.0,19.0,-1.0
148,마포대로,"2,794",9~11,양방향,25.4,23.1,20.6,23.7,24.9,-1.2
,,,,NB,24.2,22.3,23.5,23.8,25.1,-1.3
,,,,SB,26.9,24.0,18.7,24.0,25.0,-1.0
149,만리재로,"2,199",4~8,양방향,25.6,23.9,20.5,23.5,24.6,-1.1
,,,,NB,26.5,25.5,25.8,26.0,27.2,-1.2
,,,,SB,24.9,22.5,17.4,21.7,22.7,-1.0
150,망우로,"6,448",4~8,양방향,25.3,21.5,18.5,22.1,23.7,-1.6
,,,,EB,26.7,20.7,17.2,21.8,23.6,-1.8
,,,,WB,24.1,22.4,20.3,22.6,24.1,-1.5
151,망우로 21 길,372,2,양방향,14.8,14.0,14.5,16.9,15.4,1.5
,,,,EB,14.0,13.4,12.5,16.2,14.5,1.7
,,,,WB,17.5,16.0,18.6,19.2,17.9,1.3
152,망우로 36 길,288,2,양방향,19.8,20.2,19.8,20.0,20.3,-0.3
,,,,EB,23.5,25.2,25.0,24.8,25.0,-0.2
,,,,WB,17.6,17.1,16.6,17.0,17.4,-0.4
153,망원로,"2,342",2~4,양방향,19.0,16.7,15.8,17.2,17.7,-0.5
,,,,EB,19.1,16.4,15.6,17.0,17.5,-0.5
,,,,WB,19.0,17.0,15.9,17.5,18.0,-0.5
154,매봉산로,929,4~6,양방향,19.5,17.6,17.6,18.4,19.2,-0.8
,,,,NB,19.9,17.5,18.0,18.7,19.9,-1.2
,,,,SB,19.4,17.9,17.2,18.2,18.8,-0.6
155,면목로,"4,991",2~4,양방향,16.5,14.2,13.2,14.7,15.8,-1.1
,,,,NB,17.0,13.6,12.3,14.3,15.3,-1.0
,,,,SB,16.1,14.8,14.4,15.2,16.4,-1.2
156,면목천로,"1,974",4~6,양방향,24.6,23.7,21.5,23.5,24.6,-1.1
,,,,NB,28.6,25.0,21.5,25.0,26.0,-1.0
,,,,SB,21.9,22.7,21.6,22.4,23.5,-1.1
157,명달로,"1,525",4,양방향,23.8,22.1,19.1,22.3,23.0,-0.7
,,,,NB,24.2,22.1,19.8,22.4,23.3,-0.9
,,,,SB,23.6,22.1,18.6,22.3,23.0,-0.7
158,명일로,"3,134",2~3,양방향,17.7,17.3,16.1,17.3,18.1,-0.8
,,,,NB,17.5,16.7,15.2,16.8,17.6,-0.8
,,,,SB,18.0,18.0,17.3,18.0,18.8,-0.8
159,모래내로,"4,736",2~5,양방향,20.3,20.9,19.4,20.6,21.5,-0.9
,,,,EB,20.6,22.2,20.0,21.4,22.2,-0.8
,,,,WB,20.1,19.7,18.9,19.9,21.0,-1.1
160,모래내로 15 길,467,4,양방향,14.3,13.8,13.2,13.9,15.0,-1.1
,,,,EB,17.4,16.2,16.4,16.8,17.0,-0.2
,,,,WB,12.6,12.3,11.3,12.3,13.8,-1.5
161,목동남로,"1,139",4~5,양방향,20.1,21.5,20.2,21.1,22.5,-1.4
,,,,EB,19.3,21.4,20.3,20.8,22.2,-1.4
,,,,WB,21.5,21.8,20.2,21.6,23.1,-1.5
162,목동동로,"5,595",2~5,양방향,24.4,24.0,22.3,23.9,24.3,-0.4
,,,,NB,24.4,24.0,22.3,23.9,24.3,-0.4
163,목동로,"2,718",4~8,양방향,24.1,21.7,18.1,21.5,22.3,-0.8
,,,,NB,25.4,21.9,16.7,21.3,22.3,-1.0
,,,,SB,23.0,21.6,20.0,21.9,22.6,-0.7
164,목동서로,"4,565",2~5,양방향,29.3,26.9,22.5,26.6,27.3,-0.7
,,,,SB,29.3,26.9,22.5,26.6,27.3,-0.7
165,목동중앙로,"2,231",4~5,양방향,19.5,19.3,18.3,19.3,20.9,-1.6
,,,,NB,17.8,18.8,17.4,18.4,20.3,-1.9
,,,,SB,21.7,19.9,19.2,20.4,21.7,-1.3
166,목동중앙본로,"1,341",2,양방향,19.0,18.9,17.8,18.8,-,-
,,,,NB,18.9,19.1,18.3,19.0,-,-
,,,,SB,19.3,18.8,17.4,18.6,-,-
167,무교로,481,3~4,양방향,19.9,15.7,15.8,17.5,18.7,-1.2
,,,,NB,20.1,16.6,17.0,18.2,19.6,-1.4
,,,,SB,19.9,13.9,13.5,16.0,17.0,-1.0
168,무학로,"2,068",4~5,양방향,21.5,20.2,18.9,20.5,21.4,-0.9
,,,,NB,22.2,20.2,18.2,20.5,21.1,-0.6
,,,,SB,21.0,20.3,19.8,20.7,21.7,-1.0
169,문래로,"1,865",2~8,양방향,18.3,15.3,14.9,16.2,16.8,-0.6
,,,,EB,19.9,15.7,15.7,17.0,17.5,-0.5
,,,,WB,17.0,15.0,14.4,15.7,16.4,-0.7
170,문성로,"2,593",4,양방향,22.5,21.5,20.2,21.5,22.3,-0.8
,,,,EB,22.5,21.8,20.9,21.8,22.5,-0.7
,,,,WB,22.5,21.3,19.5,21.3,22.2,-0.9
171,문정로,"2,696",3~4,양방향,20.9,19.8,19.0,20.0,21.0,-1.0
,,,,NB,21.5,20.3,19.3,20.6,21.6,-1.0
,,,,SB,20.5,19.4,18.8,19.6,20.6,-1.0
172,문정로 4 길,393,2,양방향,15.5,14.2,13.1,14.9,15.3,-0.4
,,,,NB,14.6,13.1,12.3,13.9,14.5,-0.6
,,,,SB,16.9,15.7,14.2,16.3,16.5,-0.2
173,바우뫼로,"2,216",4,양방향,21.7,20.7,19.2,20.8,20.5,0.3
,,,,EB,21.6,20.4,20.7,21.1,20.7,0.4
,,,,WB,21.9,21.0,18.0,20.7,20.6,0.1
174,반포대로,"4,618",4~10,양방향,27.9,21.9,18.5,23.7,25.1,-1.4
,,,,NB,29.5,22.4,20.6,25.0,26.7,-1.7
,,,,SB,26.5,21.4,17.0,22.7,23.9,-1.2
175,발산로,514,5,양방향,24.7,24.8,23.9,24.5,23.7,0.8
,,,,EB,23.3,30.4,22.8,26.0,25.0,1.0
,,,,WB,26.6,21.5,25.7,24.1,23.6,0.5
176,밤고개로,"3,595",6~9,양방향,26.6,20.8,19.7,22.8,23.8,-1.0
,,,,NB,25.0,17.3,17.4,20.4,21.7,-1.3
,,,,SB,28.7,26.8,23.0,26.5,27.1,-0.6
177,방배로,"2,884",4~8,양방향,22.4,20.3,17.3,20.4,22.1,-1.7
,,,,NB,22.8,21.0,19.0,21.2,22.8,-1.6
,,,,SB,22.0,19.7,16.1,19.8,21.6,-1.8
178,방학로,"3,821",2~6,양방향,24.9,21.5,19.8,22.3,23.3,-1.0
,,,,EB,24.5,21.9,20.9,22.7,22.7,0.0
,,,,WB,25.4,21.2,18.8,21.9,24.0,-2.1
179,방화대로,"1,709",6~9,양방향,26.0,23.7,22.6,24.0,25.0,-1.0
,,,,NB,22.7,21.2,21.2,22.0,23.0,-1.0
,,,,SB,30.8,26.9,24.2,26.8,27.6,-0.8
180,방화대로 47 길,399,4,양방향,13.9,14.2,13.7,14.1,15.0,-0.9
,,,,EB,13.0,13.7,13.6,13.5,14.7,-1.2
,,,,WB,15.4,14.9,14.1,15.1,15.6,-0.5
181,방화대로 48 길,287,4,양방향,14.6,13.5,12.2,13.6,13.9,-0.3
,,,,EB,14.1,12.9,12.2,13.1,13.4,-0.3
,,,,WB,15.8,14.4,12.6,14.6,15.0,-0.4
182,방화동로,"1,387",2,양방향,20.6,15.7,15.7,17.4,17.9,-0.5
,,,,NB,20.5,15.8,15.4,17.5,18.2,-0.7
,,,,SB,20.8,15.9,16.2,17.6,17.7,-0.1
183,백련산로,"1,858",2~4,양방향,20.5,20.1,19.2,20.0,-,-
,,,,NB,21.9,20.2,18.9,20.4,-,-
,,,,SB,19.5,20.0,19.5,19.8,-,-
184,백범로,"4,145",2~8,양방향,24.2,19.6,18.0,20.7,21.9,-1.2
,,,,EB,22.2,18.0,18.2,19.6,21.0,-1.4
,,,,WB,26.8,21.4,18.0,22.1,23.1,-1.0
185,백범로 90 길,265,2,양방향,27.6,23.6,21.2,24.4,25.8,-1.4
,,,,EB,23.7,20.1,20.7,22.0,23.3,-1.3
,,,,WB,33.6,29.0,22.2,28.4,29.8,-1.4
186,백석동길,146,2,양방향,18.2,14.1,13.9,15.3,15.2,0.1
,,,,NB,22.2,16.9,17.9,19.1,19.2,-0.1
,,,,SB,16.0,12.5,11.9,13.3,13.1,0.2
187,백제고분로,"5,252",4~9,양방향,22.9,20.1,18.3,20.5,21.7,-1.2
,,,,EB,23.2,20.4,18.6,20.7,21.7,-1.0
,,,,WB,22.8,19.8,18.1,20.3,21.8,-1.5
188,버드나루로,"1,543",4,양방향,22.6,20.7,19.3,21.2,20.7,0.5
,,,,NB,24.2,22.0,19.8,22.3,22.1,0.2
,,,,SB,21.3,19.7,19.1,20.3,19.6,0.7
189,벌말로,516,3,양방향,55.0,61.3,58.6,59.8,57.6,2.2
,,,,EB,51.5,62.1,59.6,59.5,56.2,3.3
,,,,WB,64.9,60.9,58.5,61.8,61.1,0.7
190,범안로,"1,252",4~6,양방향,18.0,15.7,12.1,15.8,16.6,-0.8
,,,,EB,18.1,15.7,12.7,16.0,16.5,-0.5
,,,,WB,18.0,15.9,12.0,15.9,17.0,-1.1
191,벚꽃로,"3,496",2~4,양방향,23.4,23.6,19.4,22.8,24.1,-1.3
,,,,NB,22.5,23.7,20.0,22.6,23.7,-1.1
,,,,SB,24.6,23.5,19.0,23.1,24.8,-1.7
192,보광로,"1,333",2~4,양방향,22.3,18.1,18.1,19.4,19.6,-0.2
,,,,NB,21.9,18.3,18.4,19.4,19.5,-0.1
,,,,SB,22.8,18.0,17.9,19.5,19.7,-0.2
193,보국문로,"2,095",2~4,양방향,21.8,19.7,18.8,20.1,21.4,-1.3
,,,,NB,24.0,21.3,19.8,21.8,23.1,-1.3
,,,,SB,20.0,18.4,18.2,18.8,20.2,-1.4
194,보라매로,"1,180",5~6,양방향,20.2,16.4,13.9,17.2,18.8,-1.6
,,,,NB,21.2,18.5,16.6,19.4,21.0,-1.6
,,,,SB,19.4,14.9,12.2,15.6,17.2,-1.6
195,보문로,"2,064",4~6,양방향,22.1,19.6,18.6,20.2,22.0,-1.8
,,,,NB,22.8,19.0,17.1,19.7,21.8,-2.1
,,,,SB,21.5,20.3,20.6,21.0,22.4,-1.4
196,봉우재로,"2,466",4,양방향,21.8,19.2,17.5,19.6,20.8,-1.2
,,,,EB,21.2,18.4,16.3,18.8,20.2,-1.4
,,,,WB,22.6,20.2,19.1,20.7,21.5,-0.8
197,봉은사로,"4,213",4~7,양방향,24.3,17.4,14.0,18.7,19.6,-0.9
,,,,EB,25.9,18.4,13.8,19.6,20.5,-0.9
,,,,WB,23.1,16.5,14.4,18.1,19.0,-0.9
198,봉은사로 114 길,614,2,양방향,24.5,25.5,22.1,24.0,24.3,-0.3
,,,,SB,24.5,25.5,22.1,24.0,24.3,-0.3
199,봉천로,"5,110",5~12,양방향,29.8,27.6,25.1,27.7,28.3,-0.6
,,,,EB,29.0,26.4,24.3,26.8,27.8,-1.0
,,,,WB,30.7,29.0,25.9,28.6,28.9,-0.3
200,봉화산로,"2,555",3~5,양방향,20.9,18.7,16.4,19.0,19.7,-0.7
,,,,EB,20.1,17.7,15.7,18.3,18.5,-0.2
,,,,WB,21.9,19.9,17.4,19.9,21.3,-1.4
201,부일로,"1,595",3~4,양방향,24.5,24.2,23.0,24.2,25.0,-0.8
,,,,EB,24.8,25.8,25.0,25.6,26.4,-0.8
,,,,WB,24.3,22.8,21.5,23.1,23.8,-0.7
202,북부간선도로,"5,666",4,양방향,43.4,41.0,28.9,39.8,45.5,-5.7
,,,,EB,51.3,46.7,41.0,48.1,56.4,-8.3
,,,,WB,41.3,39.9,23.7,37.2,41.6,-4.4
203,북아현로,"2,200",2,양방향,24.8,25.1,23.6,24.9,-,-
,,,,NB,25.1,24.0,22.0,24.1,-,-
,,,,SB,24.8,26.6,25.8,26.2,-,-
204,북악산로,"11,371",2~3,양방향,28.9,28.1,27.7,28.0,29.3,-1.3
,,,,EB,28.7,27.9,27.6,27.7,29.2,-1.5
,,,,WB,29.0,28.4,27.8,28.3,29.5,-1.2
205,북촌로,"1,516",3~4,양방향,20.7,19.4,18.7,19.8,20.5,-0.7
,,,,NB,21.9,20.2,18.9,20.7,21.3,-0.6
,,,,SB,19.7,18.7,18.6,19.1,19.8,-0.7
206,북한산로,"3,363",4~5,양방향,32.1,29.2,28.3,30.2,31.7,-1.5
,,,,EB,31.7,28.7,28.7,30.1,31.9,-1.8
,,,,WB,32.5,29.7,28.1,30.3,31.5,-1.2
207,분당수서로,"9,939",6,양방향,48.7,42.9,33.9,45.7,50.7,-5.0
,,,,NB,49.0,45.4,35.3,47.0,51.7,-4.7
,,,,SB,48.9,42.1,33.6,45.9,51.1,-5.2
208,불광로,"2,138",2~4,양방향,18.9,15.9,14.7,16.6,16.8,-0.2
,,,,NB,19.8,16.5,15.1,17.4,17.4,0.0
,,,,SB,18.1,15.5,14.4,16.1,16.3,-0.2
209,불광천길,459,2,양방향,24.2,22.6,20.5,22.6,24.4,-1.8
,,,,NB,22.5,20.8,19.0,21.0,22.6,-1.6
,,,,SB,26.7,25.0,22.7,24.7,27.1,-2.4
210,사가정로,"4,384",2~8,양방향,22.5,21.0,18.5,21.0,22.2,-1.2
,,,,EB,24.7,21.6,18.4,22.0,23.0,-1.0
,,,,WB,20.9,20.6,18.8,20.3,21.7,-1.4
211,사당로,"3,160",4~8,양방향,24.1,22.2,20.7,22.5,23.8,-1.3
,,,,EB,22.3,21.6,21.9,22.3,23.2,-0.9
,,,,WB,26.4,23.1,19.7,23.1,24.8,-1.7
212,사임당로,"1,886",3~4,양방향,20.2,17.6,15.3,18.0,19.6,-1.6
,,,,EB,19.3,16.7,15.9,17.4,18.8,-1.4
,,,,WB,21.4,18.7,15.0,18.8,20.8,-2.0
213,사직로,"1,867",6~11,양방향,30.6,27.9,26.3,28.6,29.6,-1.0
,,,,EB,26.8,24.3,25.2,26.0,28.9,-2.9
,,,,WB,36.3,32.9,27.7,32.4,30.4,2.0
214,사직로 8 길,905,3~5,양방향,20.7,18.9,18.5,19.6,21.9,-2.3
,,,,EB,23.1,22.0,22.8,22.8,23.4,-0.6
,,,,WB,18.9,16.7,15.6,17.4,20.8,-3.4
215,사평대로,"3,803",6~9,양방향,27.6,22.9,19.5,23.7,24.7,-1.0
,,,,EB,25.9,20.2,19.4,22.3,23.2,-0.9
,,,,WB,29.7,26.7,19.8,25.9,26.9,-1.0
216,살곶이길,"3,612",3~5,양방향,27.4,25.6,24.4,26.0,27.6,-1.6
,,,,NB,29.4,27.2,25.3,27.5,29.3,-1.8
,,,,SB,25.7,24.2,23.7,24.7,26.1,-1.4
217,삼각산로,"1,220",2~3,양방향,17.3,15.5,15.2,16.3,17.2,-0.9
,,,,EB,17.5,16.0,15.4,16.7,17.5,-0.8
,,,,WB,17.3,15.1,15.2,16.1,17.1,-1.0
218,삼개로,867,2,양방향,23.5,20.9,18.8,21.4,-,-
,,,,NB,22.7,19.6,17.2,20.3,-,-
,,,,SB,24.5,22.6,21.4,23.0,-,-
219,삼봉로,340,2,양방향,21.8,16.2,16.8,18.8,19.9,-1.1
,,,,EB,21.3,14.4,15.1,17.2,19.4,-2.2
,,,,WB,22.6,18.8,19.1,21.0,20.7,0.3
220,삼선교로,907,2~3,양방향,17.7,16.3,14.6,16.4,17.1,-0.7
,,,,EB,19.5,16.3,13.6,16.6,17.4,-0.8
,,,,WB,16.3,16.4,15.9,16.5,17.0,-0.5
221,삼성로,"5,058",6~8,양방향,25.3,20.7,17.8,21.6,23.0,-1.4
,,,,NB,24.4,20.3,18.9,21.5,23.0,-1.5
,,,,SB,26.2,21.3,16.8,21.9,23.0,-1.1
222,삼양로,"6,990",2~7,양방향,22.6,20.3,18.8,20.7,22.0,-1.3
,,,,NB,23.1,20.1,18.5,20.8,22.2,-1.4
,,,,SB,22.2,20.4,19.1,20.7,21.9,-1.2
223,삼일대로,"4,595",4~11,양방향,30.4,26.8,24.9,27.9,28.9,-1.0
,,,,NB,28.2,25.2,25.1,26.8,28.2,-1.4
,,,,SB,33.3,28.8,25.3,29.3,30.1,-0.8
224,삼전로,"1,725",5~8,양방향,27.1,24.2,19.3,23.9,25.6,-1.7
,,,,NB,29.3,24.6,18.9,24.6,26.6,-2.0
,,,,SB,25.3,23.8,20.1,23.5,24.9,-1.4
225,삼전로 1 길,269,2,양방향,25.4,24.2,22.4,24.0,25.1,-1.1
,,,,EB,22.7,20.9,18.8,20.8,21.8,-1.0
,,,,WB,28.9,28.7,27.8,28.5,29.8,-1.3
226,삼청로,"3,440",2~5,양방향,28.7,26.5,25.5,27.3,27.5,-0.2
,,,,NB,30.5,26.5,24.7,27.6,27.8,-0.2
,,,,SB,27.3,26.5,26.6,27.2,27.5,-0.3
227,삼학사로,"1,416",4,양방향,21.8,19.9,19.0,20.4,20.8,-0.4
,,,,NB,21.1,19.1,18.1,19.5,20.2,-0.7
,,,,SB,22.6,21.0,20.2,21.4,21.7,-0.3
228,삼학사로 1 길,"1,100",4,양방향,29.0,28.5,26.5,28.1,31.5,-3.4
,,,,EB,30.8,29.2,26.4,28.9,32.3,-3.4
,,,,WB,27.6,27.9,26.7,27.4,30.9,-3.5
229,삼학사로 2 길,275,4,양방향,19.3,17.7,14.6,17.8,22.0,-4.2
,,,,EB,18.0,16.4,13.3,16.6,21.3,-4.7
,,,,WB,21.5,19.9,16.9,19.8,23.3,-3.5
230,상계로,"3,247",3~5,양방향,19.1,17.3,15.9,17.6,18.2,-0.6
,,,,EB,17.9,16.7,15.7,17.0,17.5,-0.5
,,,,WB,20.6,18.1,16.1,18.3,19.0,-0.7
231,상도로,"4,994",4~9,양방향,22.1,19.5,17.6,20.0,20.9,-0.9
,,,,EB,22.3,19.4,18.0,20.1,21.1,-1.0
,,,,WB,21.9,19.7,17.3,20.0,20.8,-0.8
232,상봉로,"1,388",4~5,양방향,21.4,19.8,17.9,19.8,20.1,-0.3
,,,,NB,20.1,19.1,17.0,18.8,19.2,-0.4
,,,,SB,23.1,20.6,18.9,20.9,21.2,-0.3
233,상봉중앙로,659,4,양방향,26.5,24.1,20.9,23.9,24.4,-0.5
,,,,NB,24.7,21.9,17.4,21.5,22.2,-0.7
,,,,SB,28.7,27.0,26.5,27.2,27.4,-0.2
234,상암로,"4,231",2~4,양방향,19.8,18.3,16.7,18.5,19.4,-0.9
,,,,EB,19.9,18.6,17.8,19.1,19.8,-0.7
,,,,WB,19.8,17.9,15.8,18.0,19.1,-1.1
235,상암로 61 길,288,2,양방향,16.9,17.0,16.3,16.9,17.6,-0.7
,,,,NB,18.9,18.2,17.4,18.3,19.1,-0.8
,,,,SB,15.7,16.2,15.7,16.0,16.6,-0.6
236,상암로 79 길,583,4,양방향,19.1,19.6,19.0,19.6,21.5,-1.9
,,,,NB,21.0,19.5,18.1,19.6,21.8,-2.2
,,,,SB,17.9,20.0,20.1,19.8,21.5,-1.7
237,상암산로,917,4~6,양방향,21.4,19.5,18.8,19.9,-,-
,,,,EB,21.8,20.5,19.8,20.7,-,-
,,,,WB,21.2,18.6,18.0,19.3,-,-
238,상일로,"1,673",6~7,양방향,20.6,21.4,19.6,21.3,21.3,0.0
,,,,NB,23.3,22.8,19.4,22.2,22.7,-0.5
,,,,SB,18.9,20.4,20.1,20.8,20.4,0.4
239,상일로 11 길,616,2,양방향,23.4,24.2,22.3,23.4,24.3,-0.9
,,,,EB,23.9,25.7,23.1,24.1,24.5,-0.4
,,,,WB,23.4,23.4,22.0,23.3,24.4,-1.1
240,새말로,"1,846",4~10,양방향,19.6,18.5,16.9,18.6,18.9,-0.3
,,,,NB,20.3,18.7,17.7,19.0,19.4,-0.4
,,,,SB,19.0,18.4,16.3,18.3,18.6,-0.3
241,새말로 20 길,535,4,양방향,22.3,20.5,20.3,21.0,22.7,-1.7
,,,,NB,22.6,21.7,21.7,21.9,23.4,-1.5
,,,,SB,22.4,20.0,19.5,20.6,22.6,-2.0
242,새문안로,"1,116",6~9,양방향,25.7,21.7,21.4,23.6,24.6,-1.0
,,,,EB,27.2,24.7,26.4,26.5,27.9,-1.4
,,,,WB,24.5,19.6,18.2,21.5,22.2,-0.7
243,새문안로 3 길,637,3~4,양방향,18.1,16.6,16.3,17.2,-,-
,,,,NB,18.6,17.3,16.9,17.9,-,-
,,,,SB,17.7,16.1,15.7,16.7,-,-
244,새문안로 5 길,534,2~3,양방향,18.0,15.3,14.3,16.2,16.5,-0.3
,,,,NB,16.3,14.2,12.8,14.7,15.1,-0.4
,,,,SB,21.6,17.5,17.7,19.2,19.4,-0.2
245,새창로,"2,287",3~4,양방향,17.9,14.7,13.7,15.6,16.8,-1.2
,,,,NB,18.8,15.7,13.8,16.2,17.7,-1.5
,,,,SB,17.2,13.8,13.8,15.1,16.0,-0.9
246,서강로,"1,525",7~9,양방향,27.3,23.2,22.9,24.5,24.9,-0.4
,,,,NB,25.4,20.8,21.3,22.6,23.1,-0.5
,,,,SB,29.9,26.3,25.0,27.2,27.2,0.0
247,서부간선도로,"8,737",4~7,양방향,30.3,24.3,18.9,26.1,30.4,-4.3
,,,,NB,35.5,28.2,20.9,29.7,33.3,-3.6
,,,,SB,27.6,22.1,18.0,24.3,29.1,-4.8
248,서빙고로,"6,128",4~12,양방향,34.3,31.3,22.8,30.4,31.9,-1.5
,,,,EB,35.1,32.2,24.9,31.4,32.5,-1.1
,,,,WB,33.7,30.5,21.4,29.7,31.4,-1.7
249,서빙고로 51 길,634,4,양방향,26.8,24.6,22.3,24.9,25.7,-0.8
,,,,NB,22.4,20.5,20.0,21.3,21.9,-0.6
,,,,SB,33.6,30.9,25.5,30.4,31.4,-1.0
250,서소문로,"1,458",4~7,양방향,24.0,20.1,20.1,22.3,25.0,-2.7
,,,,EB,21.3,15.8,17.8,19.5,23.2,-3.7
,,,,WB,29.3,28.1,23.7,27.6,27.7,-0.1
251,서오릉로,"2,856",5~8,양방향,23.0,19.4,17.6,20.4,21.8,-1.4
,,,,NB,25.1,19.6,18.6,21.5,22.4,-0.9
,,,,SB,21.4,19.4,16.8,19.6,21.5,-1.9
252,서운로,"2,303",4~5,양방향,17.5,14.6,12.9,15.1,16.0,-0.9
,,,,NB,17.5,13.8,12.7,14.6,15.7,-1.1
,,,,SB,17.5,15.6,13.1,15.7,16.3,-0.6
253,서울시립대로,"1,521",4~5,양방향,23.5,21.1,19.6,21.5,22.4,-0.9
,,,,NB,24.0,21.8,20.7,22.4,23.0,-0.6
,,,,SB,23.2,20.5,18.7,20.8,21.9,-1.1
254,서초대로,"3,805",4~8,양방향,25.0,20.2,17.9,21.3,22.0,-0.7
,,,,EB,23.0,18.5,19.9,20.5,21.2,-0.7
,,,,WB,27.7,22.5,16.5,22.5,23.4,-0.9
255,서초중앙로,"2,624",6~9,양방향,24.4,18.9,16.1,20.2,21.2,-1.0
,,,,NB,23.1,17.5,14.9,18.9,20.2,-1.3
,,,,SB,25.9,20.7,17.8,21.7,22.5,-0.8
256,석계로,"1,089",3,양방향,20.8,19.0,18.2,19.3,19.6,-0.3
,,,,NB,24.2,22.1,20.5,22.3,23.2,-0.9
,,,,SB,18.5,16.8,16.6,17.2,17.2,0.0
257,석계로 1 길,763,2,양방향,19.9,19.8,18.2,19.6,20.2,-0.6
,,,,EB,23.6,22.9,22.0,22.9,23.1,-0.2
,,,,WB,17.4,17.5,15.6,17.2,18.0,-0.8
258,석촌호수로,"3,006",4~7,양방향,22.6,19.4,18.0,20.0,21.3,-1.3
,,,,EB,23.4,18.9,17.3,19.9,21.2,-1.3
,,,,WB,22.0,20.0,18.9,20.2,21.5,-1.3
259,선릉로,"6,344",4~8,양방향,24.0,19.1,16.6,20.1,21.3,-1.2
,,,,NB,24.2,18.9,17.9,20.5,21.7,-1.2
,,,,SB,23.9,19.3,15.6,19.8,20.9,-1.1
260,선유로,"4,170",4~8,양방향,23.6,20.4,18.8,21.3,21.8,-0.5
,,,,NB,24.1,20.1,18.8,21.4,21.6,-0.2
,,,,SB,23.1,20.9,19.0,21.4,22.0,-0.6
261,선유서로,"1,114",2,양방향,17.7,16.7,14.8,16.8,16.8,0.0
,,,,NB,16.5,15.7,13.8,15.8,16.0,-0.2
,,,,SB,19.2,18.0,16.2,18.0,17.8,0.2
262,섬밭로,"3,295",2~4,양방향,19.8,19.9,19.0,19.7,20.7,-1.0
,,,,NB,20.1,19.4,18.2,19.3,20.2,-0.9
,,,,SB,19.6,20.5,20.1,20.2,21.3,-1.1
263,성균관로,949,2,양방향,21.8,19.7,19.8,20.5,21.5,-1.0
,,,,NB,21.6,20.0,20.4,20.7,21.8,-1.1
,,,,SB,22.2,19.4,19.5,20.4,21.4,-1.0
264,성내로,962,4~5,양방향,21.8,18.9,19.1,19.8,20.9,-1.1
,,,,EB,24.4,19.8,20.2,21.4,22.3,-0.9
,,,,WB,20.0,18.3,18.3,18.7,19.9,-1.2
265,성내천로,"1,643",2,양방향,20.7,19.2,19.4,19.6,19.8,-0.2
,,,,NB,21.0,20.5,20.2,20.5,20.4,0.1
,,,,SB,20.7,18.1,18.7,18.9,19.4,-0.5
266,성덕정길,"1,558",2,양방향,19.4,17.0,13.3,17.1,17.4,-0.3
,,,,EB,20.8,18.0,12.4,17.8,18.3,-0.5
,,,,WB,18.2,16.2,15.4,16.7,16.9,-0.2
267,성북로,"1,942",2~5,양방향,23.8,21.8,20.1,22.3,22.2,0.1
,,,,EB,23.7,21.7,18.8,21.8,21.9,-0.1
,,,,WB,24.2,21.9,21.7,22.9,22.7,0.2
268,성산로,"8,711",4~9,양방향,28.9,25.9,22.6,26.4,28.0,-1.6
,,,,EB,27.5,26.2,27.6,27.4,28.7,-1.3
,,,,WB,30.7,25.7,19.5,26.0,27.8,-1.8
269,성수이로,"1,140",2~3,양방향,19.9,17.0,15.8,17.8,18.9,-1.1
,,,,NB,21.3,18.5,17.5,19.5,20.4,-0.9
,,,,SB,18.9,15.9,14.5,16.5,17.8,-1.3
270,성수일로,"1,193",3~4,양방향,16.7,15.4,15.2,15.9,16.3,-0.4
,,,,NB,17.0,15.9,15.7,16.4,16.5,-0.1
,,,,SB,16.5,15.1,14.9,15.7,16.2,-0.5
271,성안로,"2,417",2~6,양방향,18.5,16.0,15.2,16.7,17.0,-0.3
,,,,NB,18.5,15.2,14.0,16.0,16.2,-0.2
,,,,SB,18.6,17.0,16.7,17.6,18.0,-0.4
272,성암로,"3,383",2~6,양방향,27.4,27.8,25.9,27.3,29.4,-2.1
,,,,EB,25.1,26.6,24.6,26.0,27.8,-1.8
,,,,WB,30.6,29.2,27.4,28.9,31.4,-2.5
273,성중길,"1,258",2,양방향,20.7,20.5,18.2,20.5,21.6,-1.1
,,,,NB,25.4,24.0,19.2,23.1,23.4,-0.3
,,,,SB,18.0,18.2,17.6,18.8,20.5,-1.7
274,세검정로,"2,828",4~5,양방향,24.3,23.2,21.5,23.3,24.2,-0.9
,,,,NB,24.5,22.2,20.3,22.5,23.3,-0.8
,,,,SB,24.1,24.5,23.1,24.2,25.3,-1.1
275,세종대로,"2,219",10~14,양방향,24.7,21.6,20.0,22.4,23.2,-0.8
,,,,NB,24.4,20.8,19.0,21.7,22.8,-1.1
,,,,SB,25.1,22.6,21.1,23.2,23.9,-0.7
276,세종대로 18 길,221,4,양방향,24.0,19.4,19.7,20.9,21.4,-0.5
,,,,EB,24.0,19.4,19.7,20.9,21.4,-0.5
277,세종대로 20 길,183,3,양방향,16.5,13.0,11.9,14.0,17.3,-3.3
,,,,WB,16.5,13.0,11.9,14.0,17.3,-3.3
278,세종대로 21 길,211,1,양방향,18.9,17.6,18.9,18.7,17.5,1.2
,,,,WB,18.9,17.6,18.9,18.7,17.5,1.2
279,소공로,"1,287",5~11,양방향,23.3,19.5,19.4,20.9,21.2,-0.3
,,,,NB,20.8,18.2,17.3,18.9,20.2,-1.3
,,,,SB,26.5,21.0,22.3,23.5,22.5,1.0
280,소월로,"4,174",4~8,양방향,33.6,30.8,29.5,31.5,32.3,-0.8
,,,,EB,34.2,31.5,29.7,31.9,33.0,-1.1
,,,,WB,33.0,30.2,29.2,31.1,31.8,-0.7
281,소월로 2 길,272,4,양방향,24.0,22.2,21.4,22.7,22.8,-0.1
,,,,NB,22.7,21.5,20.8,21.8,22.0,-0.2
,,,,SB,25.3,22.9,22.0,23.6,23.5,0.1
282,소월로 3 길,324,6,양방향,31.4,29.8,29.8,30.6,31.4,-0.8
,,,,NB,31.4,29.8,29.8,30.6,31.4,-0.8
283,소파로,"1,610",3~7,양방향,26.1,24.1,24.2,24.9,25.5,-0.6
,,,,EB,26.8,24.2,24.5,25.0,25.7,-0.7
,,,,WB,25.8,24.1,24.0,25.0,25.5,-0.5
284,솔밭로,"1,130",2,양방향,19.7,19.0,16.7,18.8,-,-
,,,,NB,20.5,19.2,17.3,19.3,-,-
,,,,SB,19.0,18.8,16.2,18.5,-,-
285,솔샘로,"3,384",2~6,양방향,18.9,17.5,16.1,17.9,19.0,-1.1
,,,,EB,18.3,15.5,14.6,16.4,17.7,-1.3
,,,,WB,19.9,20.1,18.2,19.9,20.8,-0.9
286,솔샘로 67 길,"1,518",2,양방향,19.3,18.1,16.7,18.3,19.0,-0.7
,,,,EB,18.9,18.6,18.3,18.8,19.2,-0.4
,,,,WB,19.9,17.7,15.5,18.1,18.9,-0.8
287,송월길,887,2,양방향,19.0,18.1,17.9,18.3,19.2,-0.9
,,,,EB,16.1,15.6,16.2,16.0,16.9,-0.9
,,,,WB,23.7,21.7,20.3,22.0,22.7,-0.7
288,송이로,"2,583",3~4,양방향,19.8,17.7,17.1,18.3,19.1,-0.8
,,,,NB,19.3,17.6,17.3,18.1,18.8,-0.7
,,,,SB,20.4,17.9,17.0,18.5,19.4,-0.9
289,송이로 32 길,443,2,양방향,15.1,13.3,11.5,13.6,14.2,-0.6
,,,,NB,13.9,12.2,9.9,12.3,13.0,-0.7
,,,,SB,17.2,15.3,14.5,15.9,16.3,-0.4
290,송파대로,"7,362",7~13,양방향,26.6,22.9,19.3,23.5,24.5,-1.0
,,,,NB,27.0,23.3,19.0,23.5,24.7,-1.2
,,,,SB,26.2,22.5,19.7,23.5,24.4,-0.9
291,송파대로 4 길,325,4,양방향,17.2,17.6,16.4,17.3,16.8,0.5
,,,,EB,21.5,22.5,22.0,22.4,22.2,0.2
,,,,WB,14.8,14.6,13.3,14.3,13.7,0.6
292,송파대로 60 길,972,2,양방향,44.3,37.3,26.7,36.8,36.8,0.0
,,,,NB,44.3,37.3,26.7,36.8,36.8,0.0
293,수락산로,"2,609",2~3,양방향,21.6,20.8,18.8,20.7,22.1,-1.4
,,,,EB,21.4,20.7,18.5,20.5,22.2,-1.7
,,,,WB,21.8,20.8,19.2,20.9,22.1,-1.2
294,수명로,862,6,양방향,26.2,25.1,23.9,25.0,25.4,-0.4
,,,,NB,28.2,26.7,27.0,27.3,29.3,-2.0
,,,,SB,24.7,23.7,21.6,23.2,22.5,0.7
295,수색로,"4,106",5~9,양방향,25.6,26.2,22.6,25.4,26.4,-1.0
,,,,EB,24.9,27.4,23.5,25.9,26.8,-0.9
,,,,WB,26.5,25.2,22.0,25.2,26.2,-1.0
296,수색로 6 길,610,3,양방향,21.9,22.1,21.2,22.0,20.9,1.1
,,,,NB,24.9,22.7,22.1,23.0,23.1,-0.1
,,,,SB,19.8,22.3,21.1,21.8,19.5,2.3
297,수유로,846,2~5,양방향,19.4,16.7,15.4,17.3,-,-
,,,,EB,20.1,16.7,14.7,17.4,-,-
,,,,WB,19.0,16.7,16.3,17.4,-,-
298,수표로,156,2,양방향,14.7,12.8,12.3,13.8,14.0,-0.2
,,,,NB,15.0,13.0,11.9,14.1,14.6,-0.5
,,,,SB,15.3,13.1,13.3,14.2,14.3,-0.1
299,시루봉로,"3,139",2~4,양방향,20.0,19.0,17.4,19.2,19.9,-0.7
,,,,NB,19.4,18.7,17.3,18.9,19.7,-0.8
,,,,SB,20.6,19.4,17.6,19.6,20.1,-0.5
300,시흥대로,"6,833",10~12,양방향,24.2,22.1,18.4,22.0,23.1,-1.1
,,,,NB,24.8,23.3,19.3,22.8,23.6,-0.8
,,,,SB,23.6,21.0,17.7,21.3,22.6,-1.3
301,신길로,"3,018",4~8,양방향,23.9,21.6,18.4,21.7,23.3,-1.6
,,,,NB,23.1,22.0,20.9,22.6,23.6,-1.0
,,,,SB,24.9,21.3,16.5,21.1,23.2,-2.1
302,신내로,"2,974",4~9,양방향,26.1,24.3,22.8,24.6,25.5,-0.9
,,,,NB,26.5,25.1,22.6,25.0,25.7,-0.7
,,,,SB,25.8,23.6,23.0,24.3,25.5,-1.2
303,신림로,"3,910",4~7,양방향,20.7,18.4,16.1,18.7,19.1,-0.4
,,,,NB,20.6,18.1,14.7,18.0,18.6,-0.6
,,,,SB,20.8,18.8,18.1,19.5,19.8,-0.3
304,신목로,"1,277",4~5,양방향,19.2,17.8,15.7,17.9,19.0,-1.1
,,,,NB,20.5,16.7,14.2,17.1,18.0,-0.9
,,,,SB,18.2,19.0,17.7,18.9,20.4,-1.5
305,신목로 7 길,177,4,양방향,18.4,17.6,16.8,17.6,15.2,2.4
,,,,WB,18.4,17.6,16.8,17.6,15.2,2.4
306,신반포로,"3,475",6~10,양방향,24.4,19.3,15.8,20.0,20.5,-0.5
,,,,EB,24.1,17.2,15.5,18.8,19.4,-0.6
,,,,WB,24.8,22.4,16.4,21.7,22.1,-0.4
307,신사로,"1,929",4,양방향,26.8,24.8,23.2,25.0,25.2,-0.2
,,,,EB,25.1,22.7,21.6,23.1,23.0,0.1
,,,,WB,28.9,27.4,25.3,27.4,28.0,-0.6
308,신월로,"3,004",6~7,양방향,23.6,22.5,20.6,22.4,22.9,-0.5
,,,,EB,22.4,21.6,20.9,21.8,22.6,-0.8
,,,,WB,25.1,23.4,20.4,23.2,23.5,-0.3
309,신이문로,476,3,양방향,16.5,16.5,16.2,16.6,17.3,-0.7
,,,,EB,21.5,19.8,18.3,20.0,20.6,-0.6
,,,,WB,13.8,14.5,14.7,14.5,15.2,-0.7
310,신정로,"3,098",5~6,양방향,24.3,24.9,22.5,24.4,25.8,-1.4
,,,,EB,21.9,23.3,20.8,22.7,24.1,-1.4
,,,,WB,27.6,26.9,24.5,26.6,28.1,-1.5
311,신정중앙로,"1,200",4,양방향,22.9,21.1,20.0,21.4,21.0,0.4
,,,,EB,23.2,21.4,20.5,21.7,21.0,0.7
,,,,WB,22.9,21.1,19.7,21.4,21.2,0.2
312,신촌로,"3,329",8~10,양방향,24.8,21.9,19.3,22.3,22.9,-0.6
,,,,EB,22.9,22.0,24.3,23.4,24.3,-0.9
,,,,WB,27.4,21.8,16.3,21.9,22.3,-0.4
313,신풍로,"1,289",4,양방향,20.7,19.2,18.4,19.5,20.4,-0.9
,,,,EB,18.5,17.6,17.0,17.7,18.5,-0.8
,,,,WB,23.6,21.2,20.2,21.8,22.9,-1.1
314,쑥고개로,"1,434",4,양방향,19.8,19.8,19.0,19.8,20.5,-0.7
,,,,EB,18.6,19.0,18.2,18.9,19.3,-0.4
,,,,WB,21.6,20.8,20.1,20.9,22.0,-1.1
315,아리랑로,"1,305",4,양방향,17.7,15.7,13.6,16.1,16.6,-0.5
,,,,NB,18.6,16.1,11.4,15.8,15.7,0.1
,,,,SB,17.0,15.4,17.7,17.1,18.1,-1.0
316,아리수로,"4,770",2~7,양방향,27.7,27.9,26.3,27.6,28.4,-0.8
,,,,EB,28.0,27.2,26.3,27.2,28.0,-0.8
,,,,WB,27.5,28.7,26.3,28.1,29.0,-0.9
317,아리수로 50 길,519,2,양방향,23.1,21.8,19.0,21.2,21.4,-0.2
,,,,EB,22.0,19.3,17.3,19.2,19.7,-0.5
,,,,WB,24.6,25.3,21.2,23.9,23.9,0.0
318,아차산로,"7,644",4~11,양방향,23.8,21.2,19.0,21.4,22.5,-1.1
,,,,EB,26.3,21.3,18.1,22.0,23.1,-1.1
,,,,WB,21.8,21.0,20.3,21.1,22.2,-1.1
319,아차산로 70 길,538,4,양방향,13.2,13.2,12.4,13.0,13.8,-0.8
,,,,NB,14.3,13.9,12.4,13.7,14.6,-0.9
,,,,SB,12.4,12.8,12.7,12.8,13.4,-0.6
320,안암로,"1,745",4~6,양방향,22.4,22.9,20.1,22.5,23.8,-1.3
,,,,NB,23.8,21.4,16.7,21.0,21.9,-0.9
,,,,SB,21.7,24.8,26.8,25.3,27.1,-1.8
321,안양천로,"12,974",3~7,양방향,29.8,29.1,23.9,28.8,29.8,-1.0
,,,,NB,29.5,29.2,24.0,28.7,29.6,-0.9
,,,,SB,30.3,29.2,23.9,29.1,30.1,-1.0
322,압구정로,"2,894",6~8,양방향,25.7,17.4,13.5,18.8,19.5,-0.7
,,,,EB,24.7,16.0,13.2,17.9,18.4,-0.5
,,,,WB,26.7,19.2,13.9,20.0,20.8,-0.8
323,약령시로,"1,694",2~4,양방향,17.2,15.5,15.2,16.3,16.7,-0.4
,,,,EB,18.7,15.6,15.7,16.8,17.2,-0.4
,,,,WB,16.1,15.4,14.8,15.9,16.4,-0.5
324,양녕로,"5,097",3~10,양방향,22.7,20.5,18.1,21.1,21.8,-0.7
,,,,NB,21.6,20.9,20.5,21.7,22.3,-0.6
,,,,SB,24.1,20.2,16.4,20.8,21.6,-0.8
325,양산로(송파),232,6,양방향,20.6,19.1,17.9,19.4,18.7,0.7
,,,,NB,16.7,15.1,14.1,15.5,15.1,0.4
,,,,SB,27.5,26.2,24.8,26.3,25.0,1.3
326,양산로(영등포),"1,702",2,양방향,15.3,13.6,12.6,14.1,14.3,-0.2
,,,,EB,14.8,13.4,13.3,14.1,14.3,-0.2
,,,,WB,15.9,13.9,12.0,14.2,14.4,-0.2
327,양재대로,"17,101",4~12,양방향,27.9,26.4,22.4,26.2,26.4,-0.2
,,,,NB,28.8,25.7,21.8,25.9,26.4,-0.5
,,,,SB,27.1,27.2,23.2,26.6,26.5,0.1
328,양재대로 156 길,705,2,양방향,24.0,25.8,24.5,25.1,25.8,-0.7
,,,,EB,24.2,26.1,25.0,25.6,26.7,-1.1
,,,,WB,24.0,25.7,24.1,24.7,25.1,-0.4
329,양재대로 55 길,330,3,양방향,16.3,15.1,14.6,15.5,16.2,-0.7
,,,,NB,19.7,19.2,19.0,19.3,20.5,-1.2
,,,,SB,14.1,12.6,12.1,13.2,13.6,-0.4
330,양재천로,"4,520",2,양방향,25.6,24.1,18.9,23.8,24.6,-0.8
,,,,EB,27.1,24.8,19.1,24.6,25.8,-1.2
,,,,WB,24.3,23.5,18.8,23.2,23.7,-0.5
331,양천로,"7,493",4~9,양방향,23.3,21.1,18.9,21.5,22.4,-0.9
,,,,EB,21.4,19.9,17.7,20.2,21.3,-1.1
,,,,WB,25.5,22.6,20.5,23.2,23.8,-0.6
332,양천로 27 길,297,4,양방향,15.1,16.5,12.1,15.6,16.6,-1.0
,,,,NB,16.0,16.9,11.8,16.1,17.2,-1.1
,,,,SB,14.6,16.5,13.1,15.5,16.4,-0.9
333,양천로 55 길,372,2,양방향,17.0,16.2,15.5,16.3,17.5,-1.2
,,,,NB,18.5,16.8,16.4,17.3,19.3,-2.0
,,,,SB,16.0,15.8,14.9,15.7,16.3,-0.6
334,양천로 57 길,309,4,양방향,17.9,15.4,14.6,15.9,16.1,-0.2
,,,,NB,19.5,17.2,15.2,17.6,18.3,-0.7
,,,,SB,17.0,14.1,14.4,14.9,14.7,0.2
335,양천로 59 길,297,2,양방향,15.7,14.3,13.0,14.5,14.5,0.0
,,,,NB,17.2,15.4,14.6,15.7,14.9,0.8
,,,,SB,14.9,13.5,11.9,13.9,14.6,-0.7
336,양천로 61 길,298,5,양방향,16.9,15.0,11.7,14.9,14.9,0.0
,,,,NB,17.5,15.8,15.3,16.4,16.6,-0.2
,,,,SB,16.9,14.6,9.8,14.2,14.2,0.0
337,양평로,"2,290",4~6,양방향,26.8,24.6,21.3,24.6,24.5,0.1
,,,,EB,24.6,23.5,23.0,24.2,24.4,-0.2
,,,,WB,29.6,25.9,20.1,25.3,25.0,0.3
338,양화로,"2,113",8~11,양방향,25.1,17.9,15.9,19.7,20.4,-0.7
,,,,EB,24.9,18.2,19.5,20.7,21.3,-0.6
,,,,WB,25.6,17.8,13.6,19.1,20.0,-0.9
339,언주로,"12,051",4~9,양방향,31.0,26.5,22.8,27.5,29.2,-1.7
,,,,NB,29.0,25.2,21.4,26.2,28.1,-1.9
,,,,SB,33.7,28.1,24.7,29.3,30.5,-1.2
340,여의공원로,"1,246",3~4,양방향,23.0,21.6,20.6,21.8,-,-
,,,,EB,25.1,23.7,22.8,23.9,-,-
,,,,WB,21.3,19.9,18.8,20.2,-,-
341,여의나루로,"1,338",2~5,양방향,18.1,16.4,15.0,16.7,17.8,-1.1
,,,,NB,17.4,15.2,14.1,15.7,16.9,-1.2
,,,,SB,19.1,17.9,16.1,18.0,18.9,-0.9
342,여의대로,"2,734",10~15,양방향,34.4,33.8,30.6,33.7,33.7,0.0
,,,,EB,37.3,35.3,32.4,35.8,35.8,0.0
,,,,WB,32.0,32.5,29.0,31.9,31.9,0.0
343,여의대방로,"6,608",2~9,양방향,28.1,26.5,22.9,26.5,27.3,-0.8
,,,,NB,27.5,27.6,27.9,28.3,29.2,-0.9
,,,,SB,28.8,25.7,19.6,25.2,25.9,-0.7
344,여의동로,"3,826",2~5,양방향,23.9,22.1,20.5,22.6,24.1,-1.5
,,,,IN,23.9,20.9,19.0,21.6,22.8,-1.2
,,,,OUT,23.9,23.6,22.4,23.9,25.6,-1.7
345,여의서로,"3,105",2~9,양방향,24.9,25.0,22.6,24.7,24.9,-0.2
,,,,IN,23.8,23.7,21.4,23.4,23.8,-0.4
,,,,OUT,26.3,26.4,24.0,26.2,26.3,-0.1
346,역말로,"1,890",3~4,양방향,21.3,19.5,17.0,19.5,20.2,-0.7
,,,,EB,22.6,20.1,17.7,20.3,21.0,-0.7
,,,,WB,20.2,19.1,16.4,18.8,19.5,-0.7
347,역삼로,"3,728",4~5,양방향,22.8,17.4,13.0,18.2,19.1,-0.9
,,,,EB,23.3,18.5,13.0,18.9,20.1,-1.2
,,,,WB,22.3,16.5,13.1,17.7,18.3,-0.6
348,연남로,"1,151",2,양방향,22.3,20.1,19.0,20.5,20.9,-0.4
,,,,NB,22.9,20.7,18.7,20.9,21.1,-0.2
,,,,SB,22.0,19.6,19.5,20.4,21.0,-0.6
349,연서로,"4,887",4~6,양방향,24.7,20.3,18.2,21.4,22.7,-1.3
,,,,NB,24.5,19.9,18.9,21.4,22.9,-1.5
,,,,SB,24.9,20.7,17.7,21.5,22.6,-1.1
350,연희로,"4,167",4~6,양방향,23.9,22.3,20.1,22.5,23.6,-1.1
,,,,NB,25.4,22.4,18.5,22.4,23.6,-1.2
,,,,SB,22.8,22.2,22.2,22.9,23.8,-0.9
351,연희맛로,"1,364",2,양방향,20.9,15.6,14.6,17.3,17.7,-0.4
,,,,NB,22.8,15.0,14.1,17.5,18.2,-0.7
,,,,SB,19.6,16.4,15.1,17.3,17.5,-0.2
352,영동대로,"5,740",6~14,양방향,27.4,24.2,20.8,24.6,26.1,-1.5
,,,,NB,27.6,24.1,21.8,25.0,26.6,-1.6
,,,,SB,27.2,24.4,20.0,24.3,25.6,-1.3
353,영등포로,"4,343",6,양방향,24.2,21.8,20.3,22.4,23.3,-0.9
,,,,EB,22.3,20.3,21.1,21.6,22.6,-1.0
,,,,WB,26.5,23.4,19.7,23.4,24.4,-1.0
354,영신로,"2,789",4~5,양방향,19.7,17.4,16.1,17.8,19.0,-1.2
,,,,NB,19.4,16.6,15.7,17.2,18.7,-1.5
,,,,SB,20.1,18.4,16.5,18.5,19.4,-0.9
355,영중로,"1,366",6,양방향,21.2,18.3,17.5,19.1,20.3,-1.2
,,,,NB,21.9,20.3,18.7,20.4,22.0,-1.6
,,,,SB,20.5,16.7,16.5,18.1,18.9,-0.8
356,오금로,"5,355",4~7,양방향,24.1,21.9,19.9,22.2,23.6,-1.4
,,,,EB,25.5,22.7,20.2,22.8,24.2,-1.4
,,,,WB,23.0,21.3,19.7,21.6,23.2,-1.6
357,오류로,"1,089",3,양방향,16.4,16.7,14.5,16.2,16.9,-0.7
,,,,NB,16.3,16.6,13.2,15.8,16.5,-0.7
,,,,SB,16.8,17.0,16.6,16.9,17.6,-0.7
358,오리로,"3,374",4~7,양방향,22.5,25.1,20.5,24.1,25.7,-1.6
,,,,NB,24.2,25.5,20.2,24.6,26.1,-1.5
,,,,SB,21.3,24.8,21.0,23.8,25.5,-1.7
359,오목로,"3,975",4~8,양방향,21.3,19.6,17.2,19.7,19.9,-0.2
,,,,EB,21.0,20.1,20.5,20.8,20.8,0.0
,,,,WB,21.8,19.2,15.0,18.9,19.4,-0.5
360,오정로,"3,467",4,양방향,21.3,25.0,21.7,24.4,25.4,-1.0
,,,,EB,17.1,21.0,17.8,20.4,21.6,-1.2
,,,,WB,29.6,31.5,28.8,31.2,31.5,-0.3
361,오패산로,"4,244",2~5,양방향,20.9,19.5,18.1,19.7,20.2,-0.5
,,,,NB,23.4,20.3,17.9,20.6,20.9,-0.3
,,,,SB,19.0,18.8,18.4,19.1,19.6,-0.5
362,오현로,"2,261",2~4,양방향,21.5,20.7,19.3,20.6,21.2,-0.6
,,,,NB,21.7,20.5,18.5,20.3,20.8,-0.5
,,,,SB,21.4,21.0,20.4,21.0,21.7,-0.7
363,올림픽대로,"41,763",5~12,양방향,52.6,54.5,38.9,51.7,54.7,-3.0
,,,,EB,50.8,51.9,38.8,50.4,53.7,-3.3
,,,,WB,54.8,58.1,39.3,53.8,56.4,-2.6
364,올림픽로,"9,509",4~12,양방향,24.8,22.4,20.2,22.6,23.8,-1.2
,,,,NB,26.2,22.3,19.9,22.8,24.1,-1.3
,,,,SB,23.8,22.6,20.6,22.6,23.7,-1.1
365,올림픽로 35 길,"1,521",4~6,양방향,21.5,20.8,19.8,20.8,22.0,-1.2
,,,,EB,22.2,21.4,20.1,21.3,22.0,-0.7
,,,,WB,21.0,20.3,19.6,20.4,22.1,-1.7
366,올림픽로 43 길,"1,526",2,양방향,27.4,23.2,25.6,25.2,27.2,-2.0
,,,,EB,26.9,25.1,25.7,25.9,27.9,-2.0
,,,,WB,27.9,22.0,25.6,24.8,26.8,-2.0
367,올림픽로 92 길,368,2,양방향,18.5,15.9,14.6,16.4,16.8,-0.4
,,,,EB,22.3,17.9,16.1,18.5,19.2,-0.7
,,,,WB,16.2,14.7,13.8,15.1,15.4,-0.3
368,올림픽로 98 길,346,2,양방향,18.7,15.5,14.4,16.2,16.3,-0.1
,,,,NB,21.4,18.0,16.6,18.7,18.9,-0.2
,,,,SB,17.1,14.1,13.2,14.7,14.7,0.0
369,와우산로,"1,455",2~4,양방향,20.9,17.3,15.6,17.9,19.0,-1.1
,,,,NB,21.1,17.6,17.3,18.5,19.5,-1.0
,,,,SB,20.9,17.0,14.3,17.4,18.7,-1.3
370,왕산로,"3,210",5~8,양방향,24.3,19.4,19.1,21.2,21.7,-0.5
,,,,EB,27.1,19.5,17.6,21.5,22.0,-0.5
,,,,WB,22.3,19.5,21.4,21.4,21.9,-0.5
371,왕십리로,"4,231",4~8,양방향,24.7,20.2,18.0,21.1,22.3,-1.2
,,,,NB,24.5,19.6,17.3,20.5,21.7,-1.2
,,,,SB,24.9,20.8,19.0,21.8,23.0,-1.2
372,외대역동로,"1,425",2~4,양방향,20.2,19.4,18.5,19.5,-,-
,,,,NB,17.8,16.3,14.9,16.4,-,-
,,,,SB,21.9,22.1,21.6,22.1,-,-
373,용마산로,"7,285",4~9,양방향,23.3,22.3,20.3,22.3,23.4,-1.1
,,,,NB,24.5,22.7,20.7,23.0,23.9,-0.9
,,,,SB,22.4,22.0,20.1,21.8,23.0,-1.2
374,우면산로,"3,132",4~5,양방향,46.1,50.8,43.5,48.1,50.9,-2.8
,,,,NB,41.0,48.0,44.8,46.3,49.2,-2.9
,,,,SB,56.0,54.9,43.2,52.4,56.6,-4.2
375,우이천로,"4,974",2~4,양방향,22.7,20.6,19.1,20.9,-,-
,,,,EB,22.6,20.4,19.0,20.7,-,-
,,,,WB,22.8,20.7,19.3,21.1,-,-
376,우장산로,"1,330",2,양방향,21.9,20.1,18.1,20.4,21.0,-0.6
,,,,EB,21.4,20.6,17.4,20.3,21.0,-0.7
,,,,WB,22.7,20.1,19.4,20.9,21.5,-0.6
377,우정국로,748,6~9,양방향,21.3,16.9,17.3,18.7,20.6,-1.9
,,,,NB,21.8,16.9,16.9,18.7,20.3,-1.6
,,,,SB,20.9,17.0,17.8,18.9,21.1,-2.2
378,원효로,"2,750",4~6,양방향,25.2,21.9,20.3,22.8,23.6,-0.8
,,,,EB,24.7,20.9,21.0,22.4,23.7,-1.3
,,,,WB,25.9,23.2,19.7,23.3,23.7,-0.4
379,월계로,"4,004",4~8,양방향,25.2,22.9,19.8,23.0,24.8,-1.8
,,,,EB,27.3,23.9,19.6,24.0,25.1,-1.1
,,,,WB,23.6,22.0,20.3,22.2,24.7,-2.5
380,월곡로,936,2,양방향,16.9,16.9,12.5,16.2,17.2,-1.0
,,,,NB,17.1,15.6,10.3,15.0,16.1,-1.1
,,,,SB,17.3,18.7,18.6,18.5,19.2,-0.7
381,월드컵로,"4,945",5~10,양방향,25.8,24.1,21.6,24.3,25.3,-1.0
,,,,NB,27.0,23.6,21.2,24.2,25.2,-1.0
,,,,SB,25.0,24.7,22.2,24.5,25.6,-1.1
382,월드컵북로,"5,281",2~10,양방향,23.8,22.5,20.8,22.6,23.4,-0.8
,,,,NB,25.1,22.7,20.2,22.9,23.5,-0.6
,,,,SB,22.8,22.2,21.6,22.4,23.5,-1.1
383,위례서로,854,6,양방향,24.9,26.0,23.3,25.2,25.9,-0.7
,,,,NB,25.1,25.0,23.3,24.5,25.7,-1.2
,,,,SB,25.5,27.2,23.6,26.4,26.5,-0.1
384,위례성대로,"2,664",7~11,양방향,29.9,28.4,25.2,28.1,29.2,-1.1
,,,,EB,30.4,28.5,25.0,28.2,29.5,-1.3
,,,,WB,29.4,28.3,25.5,28.1,29.0,-0.9
385,위례순환로,878,4,양방향,16.7,15.6,14.9,15.9,16.5,-0.6
,,,,EB,17.3,14.6,13.8,15.3,15.7,-0.4
,,,,WB,16.4,16.8,16.4,16.8,17.5,-0.7
386,위례중앙로,996,6,양방향,27.1,28.1,27.3,27.9,30.4,-2.5
,,,,EB,25.6,24.9,23.6,24.7,28.1,-3.4
,,,,WB,29.4,32.4,32.7,32.5,33.3,-0.8
387,율곡로,"3,148",5~11,양방향,23.7,18.1,16.2,19.7,21.2,-1.5
,,,,EB,23.6,18.0,16.6,19.6,20.6,-1.0
,,,,WB,23.9,18.3,15.9,19.9,21.8,-1.9
388,은천로,"1,918",4,양방향,20.8,19.5,17.8,19.7,20.5,-0.8
,,,,EB,22.5,20.1,18.7,20.6,21.7,-1.1
,,,,WB,19.4,19.0,17.1,18.9,19.5,-0.6
389,은평로,"2,522",4~8,양방향,20.4,18.9,17.8,19.2,19.7,-0.5
,,,,EB,19.0,18.5,17.7,18.7,19.3,-0.6
,,,,WB,22.6,19.4,17.9,19.9,20.3,-0.4
390,은평터널로,"2,004",2,양방향,20.6,20.3,18.0,20.0,20.7,-0.7
,,,,EB,20.4,19.1,15.6,18.7,19.2,-0.5
,,,,WB,20.9,21.8,21.6,21.9,22.8,-0.9
391,은행로,719,4,양방향,20.0,17.8,18.1,18.9,-,-
,,,,EB,18.4,16.4,16.3,17.3,-,-
,,,,WB,22.2,19.6,20.7,21.3,-,-
392,을지로,"3,027",6~9,양방향,25.6,21.4,18.3,22.1,22.8,-0.7
,,,,EB,26.3,22.9,19.5,23.1,23.3,-0.2
,,,,WB,25.1,20.1,17.4,21.3,22.4,-1.1
393,을지로 45 길,421,4,양방향,23.3,20.4,20.0,20.8,21.3,-0.5
,,,,NB,23.0,21.4,20.7,21.2,21.5,-0.3
,,,,SB,24.3,19.8,19.9,21.1,21.8,-0.7
394,응암로,"3,869",4~5,양방향,25.3,22.5,20.9,23.0,23.9,-0.9
,,,,NB,26.4,22.9,20.5,23.3,24.4,-1.1
,,,,SB,24.4,22.2,21.4,22.7,23.5,-0.8
395,의사당대로,"1,474",8~12,양방향,22.1,20.9,19.0,21.2,22.0,-0.8
,,,,NB,22.5,20.8,19.0,21.1,21.7,-0.6
,,,,SB,21.9,21.0,19.2,21.3,22.4,-1.1
396,이문로,"2,276",4~6,양방향,23.6,21.9,19.3,21.8,22.9,-1.1
,,,,NB,23.2,22.1,18.1,21.8,22.9,-1.1
,,,,SB,24.2,21.7,21.1,22.0,23.1,-1.1
397,이촌로,"4,620",2~10,양방향,24.8,22.8,19.8,22.8,23.7,-0.9
,,,,EB,24.1,22.2,20.9,22.8,23.0,-0.2
,,,,WB,25.7,23.5,19.0,23.0,24.6,-1.6
398,이촌로 46 길,532,4,양방향,28.9,23.7,11.0,22.4,20.4,2.0
,,,,EB,26.8,22.4,22.6,25.2,25.3,-0.1
,,,,WB,31.8,25.6,8.9,23.0,19.4,3.6
399,이촌로 51 길,551,2,양방향,24.7,24.3,20.3,23.5,24.3,-0.8
,,,,EB,23.3,23.9,20.6,23.1,24.4,-1.3
,,,,WB,27.0,25.1,20.6,24.5,25.0,-0.5
400,이태원로,"3,109",4~5,양방향,26.3,21.0,17.4,21.9,22.5,-0.6
,,,,EB,25.7,20.4,20.0,22.3,23.1,-0.8
,,,,WB,26.9,21.8,15.6,21.7,22.2,-0.5
401,인수봉로,"3,193",4,양방향,23.1,22.4,21.0,22.3,22.6,-0.3
,,,,NB,24.1,22.3,20.6,22.5,24.1,-1.6
,,,,SB,22.2,22.5,21.5,22.2,21.3,0.9
402,인촌로,"1,213",4,양방향,21.7,17.8,18.5,19.1,20.3,-1.2
,,,,EB,23.6,19.4,19.8,20.5,21.5,-1.0
,,,,WB,20.2,16.6,17.4,18.1,19.4,-1.3
403,인촌로 24 길,400,1,양방향,17.2,11.6,10.3,13.1,13.4,-0.3
,,,,NB,17.2,11.6,10.3,13.1,13.4,-0.3
404,인촌로 7 길,636,2,양방향,16.9,14.1,13.4,15.1,16.1,-1.0
,,,,NB,17.0,12.5,11.5,14.0,15.1,-1.1
,,,,SB,17.1,16.3,16.5,16.8,17.5,-0.7
405,인촌로 8 길,813,2,양방향,23.7,21.8,22.0,22.8,23.1,-0.3
,,,,NB,20.9,18.5,18.7,19.7,20.2,-0.5
,,,,SB,27.8,26.7,26.9,27.3,27.4,-0.1
406,일원로,"1,217",4~5,양방향,17.9,15.4,15.7,16.4,16.9,-0.5
,,,,NB,19.6,16.0,16.4,17.2,17.7,-0.5
,,,,SB,16.6,15.0,15.2,15.8,16.3,-0.5
407,자곡로,891,6,양방향,24.0,24.6,21.3,23.8,24.3,-0.5
,,,,NB,26.2,26.0,24.3,25.7,25.6,0.1
,,,,SB,22.4,23.4,19.2,22.3,23.4,-1.1
408,자양로,"2,735",5~7,양방향,23.0,21.4,18.0,21.0,21.7,-0.7
,,,,NB,23.7,20.1,15.6,19.8,20.7,-0.9
,,,,SB,22.5,23.0,21.5,22.6,23.1,-0.5
409,자양번영로,960,2,양방향,23.1,19.3,19.7,20.3,21.8,-1.5
,,,,NB,22.4,18.5,18.4,19.3,21.3,-2.0
,,,,SB,24.2,20.4,21.5,21.6,22.8,-1.2
410,자유로,932,11,양방향,51.6,60.0,45.4,56.1,59.9,-3.8
,,,,EB,43.3,59.1,40.7,52.0,62.1,-10.1
,,,,WB,78.1,65.1,59.2,68.4,61.8,6.6
411,자하문로,"3,194",4~6,양방향,28.1,26.4,24.5,26.8,27.8,-1.0
,,,,NB,32.4,27.4,22.0,27.6,28.8,-1.2
,,,,SB,25.6,25.5,28.1,26.8,27.6,-0.8
412,잔다리로,"1,379",4,양방향,19.7,16.6,15.2,17.1,18.3,-1.2
,,,,NB,19.3,16.2,14.4,16.6,17.0,-0.4
,,,,SB,20.3,17.1,16.2,17.7,19.9,-2.2
413,잠실로,"2,161",5~9,양방향,21.8,20.6,19.0,20.5,21.6,-1.1
,,,,EB,21.5,21.2,19.6,20.9,22.0,-1.1
,,,,WB,22.2,20.0,18.4,20.2,21.4,-1.2
414,잠원로,"2,575",4~10,양방향,26.2,22.6,20.0,23.1,23.8,-0.7
,,,,NB,26.4,24.0,22.7,24.4,24.6,-0.2
,,,,SB,26.2,21.3,18.0,22.0,23.3,-1.3
415,장문로,"1,019",2,양방향,24.1,20.9,20.7,21.9,21.8,0.1
,,,,EB,22.5,18.8,18.4,19.9,20.1,-0.2
,,,,WB,26.1,23.7,23.9,24.5,24.0,0.5
416,장승배기로,"1,776",4,양방향,20.5,20.2,19.1,20.2,20.9,-0.7
,,,,NB,19.9,20.0,19.3,19.9,20.7,-0.8
,,,,SB,21.3,20.6,19.0,20.6,21.2,-0.6
417,장안벚꽃로,"2,922",4,양방향,29.1,29.9,28.9,29.4,30.2,-0.8
,,,,NB,34.2,32.2,30.2,32.2,32.9,-0.7
,,,,SB,25.7,28.0,27.8,27.3,28.1,-0.8
418,장월로,"1,798",2,양방향,17.1,16.6,15.6,16.6,-,-
,,,,NB,16.8,15.5,14.0,15.6,-,-
,,,,SB,17.6,17.9,17.5,17.9,-,-
419,장위로,"1,947",2,양방향,18.1,16.9,15.8,17.0,17.6,-0.6
,,,,EB,18.5,17.2,15.6,17.2,17.6,-0.4
,,,,WB,17.8,16.8,16.1,17.0,17.7,-0.7
420,장충단로,"2,856",4~10,양방향,27.3,22.7,22.1,24.1,25.3,-1.2
,,,,NB,25.9,21.8,21.2,22.9,24.2,-1.3
,,,,SB,28.8,23.7,23.2,25.5,26.6,-1.1
421,장터길,453,2,양방향,17.4,14.5,12.2,14.8,-,-
,,,,EB,16.8,13.0,10.2,13.3,-,-
,,,,WB,18.4,16.6,15.6,17.1,-,-
422,장한로,"2,087",6,양방향,23.5,21.7,21.3,22.1,22.4,-0.3
,,,,NB,25.4,22.5,21.3,23.0,23.1,-0.1
,,,,SB,22.0,21.0,21.4,21.4,21.9,-0.5
423,전농로,"2,498",4~6,양방향,22.0,19.1,18.1,19.9,21.3,-1.4
,,,,NB,22.2,19.0,18.4,20.0,21.1,-1.1
,,,,SB,21.9,19.3,17.9,19.8,21.6,-1.8
424,정동길,522,2,양방향,19.6,16.2,17.1,18.0,18.6,-0.6
,,,,EB,21.2,18.9,18.8,19.9,20.2,-0.3
,,,,WB,18.5,14.5,15.8,16.7,17.6,-0.9
425,정릉로,"3,811",5~9,양방향,28.8,30.0,24.2,29.0,29.1,-0.1
,,,,EB,29.0,28.7,23.4,27.7,28.2,-0.5
,,,,WB,29.1,31.6,25.4,30.7,30.5,0.2
426,정릉천동로,953,3~4,양방향,21.4,21.5,19.9,21.3,22.0,-0.7
,,,,NB,22.3,21.9,19.8,21.8,22.6,-0.8
,,,,SB,20.8,21.2,20.2,21.0,21.6,-0.6
427,제기로,"1,671",4~6,양방향,21.7,19.7,18.2,20.3,20.9,-0.6
,,,,EB,22.3,18.5,16.7,19.6,20.3,-0.7
,,,,WB,21.2,21.2,20.3,21.2,21.7,-0.5
428,조원중앙로,766,4,양방향,24.0,22.1,19.9,22.1,22.8,-0.7
,,,,NB,25.3,23.4,22.7,23.8,25.0,-1.2
,,,,SB,22.9,20.9,17.8,20.7,21.1,-0.4
429,조정대로,55,6~8,양방향,27.2,25.8,25.8,26.6,26.2,0.4
,,,,EB,29.0,29.6,28.7,29.4,27.4,2.0
,,,,WB,26.1,23.1,23.6,24.7,25.9,-1.2
430,종로,"4,181",6~8,양방향,23.7,17.3,15.8,19.3,19.9,-0.6
,,,,EB,26.8,17.8,15.3,19.9,20.3,-0.4
,,,,WB,21.6,16.8,16.5,19.0,19.9,-0.9
431,종로 1 길,450,3~4,양방향,20.9,18.6,18.4,19.8,20.0,-0.2
,,,,NB,19.9,17.9,17.5,19.1,19.6,-0.5
,,,,SB,22.2,19.4,19.5,20.8,20.5,0.3
432,종암로,"2,224",8~9,양방향,23.5,20.1,17.9,21.1,24.0,-2.9
,,,,NB,25.1,17.7,15.1,19.8,22.7,-2.9
,,,,SB,22.5,23.5,23.0,23.4,26.1,-2.7
433,중계로,"2,494",2~5,양방향,19.9,18.5,18.0,18.9,21.0,-2.1
,,,,NB,18.3,16.8,16.6,17.3,19.6,-2.3
,,,,SB,22.0,20.7,19.6,20.8,22.7,-1.9
434,중대로,"3,247",5~7,양방향,25.3,23.2,21.3,23.5,23.8,-0.3
,,,,EB,25.5,22.4,20.0,23.0,23.5,-0.5
,,,,WB,25.2,24.2,23.1,24.2,24.3,-0.1
435,중랑역로,"2,837",2~4,양방향,19.2,16.7,16.1,17.4,18.5,-1.1
,,,,NB,18.7,16.0,15.1,16.8,18.1,-1.3
,,,,SB,19.9,17.6,17.3,18.2,18.9,-0.7
436,중랑천로,"3,258",4,양방향,23.0,22.5,21.4,22.5,24.0,-1.5
,,,,NB,23.4,22.1,20.5,22.1,23.8,-1.7
,,,,SB,22.8,23.0,22.4,22.9,24.3,-1.4
437,중림로,533,3,양방향,21.3,18.8,18.3,19.5,19.5,0.0
,,,,EB,20.8,18.0,17.3,18.7,19.0,-0.3
,,,,WB,22.1,19.8,19.7,20.6,20.3,0.3
438,중앙로,"3,762",6~7,양방향,23.1,22.4,19.6,22.1,22.9,-0.8
,,,,NB,25.6,24.5,20.8,24.0,24.8,-0.8
,,,,SB,21.2,20.6,18.7,20.6,21.4,-0.8
439,증가로,"2,721",2~4,양방향,19.3,18.6,17.7,18.6,19.4,-0.8
,,,,NB,20.5,18.8,17.5,18.9,19.8,-0.9
,,,,SB,18.4,18.5,18.0,18.4,19.2,-0.8
440,증산로,"6,743",3~9,양방향,27.0,25.5,21.9,25.2,25.8,-0.6
,,,,NB,29.5,25.6,20.2,25.2,25.4,-0.2
,,,,SB,25.2,25.5,24.2,25.6,26.6,-1.0
441,지봉로,"1,902",4~5,양방향,21.7,20.5,19.8,20.7,21.7,-1.0
,,,,NB,26.3,21.8,18.5,22.3,23.2,-0.9
,,,,SB,19.1,19.4,21.5,20.1,21.1,-1.0
442,진관 2 로,"1,332",4,양방향,16.9,15.0,14.1,15.3,15.8,-0.5
,,,,EB,17.0,15.3,15.3,15.8,16.4,-0.6
,,,,WB,17.2,14.9,13.4,15.1,15.6,-0.5
443,진황도로,"2,623",2~3,양방향,19.1,17.9,15.6,17.9,18.7,-0.8
,,,,NB,18.5,16.9,14.7,17.0,17.8,-0.8
,,,,SB,19.9,19.1,16.7,19.0,19.8,-0.8
444,진흥로,"5,015",4~8,양방향,25.3,25.1,21.1,24.5,25.3,-0.8
,,,,EB,23.4,26.0,24.9,25.6,25.9,-0.3
,,,,WB,28.3,24.3,18.6,24.0,25.2,-1.2
445,창경궁로,"2,550",5~9,양방향,25.2,22.2,18.6,22.4,22.5,-0.1
,,,,NB,29.3,24.5,15.7,23.2,22.5,0.7
,,,,SB,23.6,21.2,21.5,22.4,23.3,-0.9
446,창의문로,"1,449",4,양방향,28.8,28.2,26.9,28.0,28.9,-0.9
,,,,NB,25.9,27.0,26.4,26.4,27.3,-0.9
,,,,SB,33.0,29.6,27.6,30.1,30.9,-0.8
447,창전로,"1,045",4~6,양방향,19.2,17.3,15.3,17.6,17.9,-0.3
,,,,NB,18.8,16.4,17.2,17.4,17.7,-0.3
,,,,SB,19.8,18.4,14.2,18.0,18.4,-0.4
448,천중로,"2,034",2~4,양방향,18.7,17.0,15.6,17.3,18.5,-1.2
,,,,EB,18.2,16.2,14.8,16.6,17.8,-1.2
,,,,WB,19.2,18.1,16.6,18.1,19.4,-1.3
449,천호대로,"15,809",5~13,양방향,27.3,24.7,21.3,25.0,25.5,-0.5
,,,,EB,27.4,23.9,20.9,24.8,25.7,-0.9
,,,,WB,27.2,25.6,21.8,25.3,25.4,-0.1
450,천호대로 157 길,318,1,양방향,19.7,13.4,11.1,14.4,13.6,0.8
,,,,SB,19.7,13.4,11.1,14.4,13.6,0.8
451,천호대로 213 길,152,4,양방향,16.8,14.3,13.3,14.9,13.7,1.2
,,,,NB,17.6,14.2,12.5,14.7,13.4,1.3
,,,,SB,16.9,15.0,14.8,15.8,15.1,0.7
452,천호옛길,924,2,양방향,22.8,20.1,18.8,20.6,21.6,-1.0
,,,,NB,23.0,20.1,18.4,20.4,22.0,-1.6
,,,,SB,22.8,20.2,19.2,20.8,21.3,-0.5
453,청계천로,"5,923",2~6,양방향,19.4,14.3,14.7,16.5,16.6,-0.1
,,,,EB,21.0,16.0,14.8,17.6,17.8,-0.2
,,,,WB,18.1,12.9,14.8,15.7,15.8,-0.1
454,청와대로,826,2~4,양방향,25.5,25.0,22.4,24.6,25.2,-0.6
,,,,EB,24.4,24.4,23.6,24.4,24.9,-0.5
,,,,WB,26.8,25.7,21.6,25.1,25.7,-0.6
455,청파로,"4,388",2~6,양방향,26.9,21.9,22.1,23.8,25.3,-1.5
,,,,NB,25.8,19.6,21.0,22.2,23.7,-1.5
,,,,SB,28.3,25.1,23.5,25.8,27.3,-1.5
456,청파로 47 길,628,2,양방향,19.0,13.8,14.1,15.9,17.5,-1.6
,,,,EB,17.2,11.8,12.2,14.0,16.4,-2.4
,,,,WB,21.9,17.1,17.1,18.7,19.2,-0.5
457,초원로,670,4,양방향,17.4,17.4,16.5,17.6,18.6,-1.0
,,,,EB,17.8,17.9,16.7,18.1,18.8,-0.7
,,,,WB,17.2,17.1,16.5,17.3,18.7,-1.4
458,충무로,808,3~4,양방향,20.4,17.5,16.9,18.1,18.3,-0.2
,,,,NB,20.4,17.5,16.9,18.1,18.3,-0.2
459,충민로,"1,903",4~8,양방향,19.6,18.5,17.9,18.7,-,-
,,,,EB,20.0,18.4,18.1,18.9,-,-
,,,,WB,19.2,18.5,17.8,18.6,-,-
460,충민로 2 길,832,4,양방향,19.5,18.5,17.7,18.7,18.5,0.2
,,,,NB,17.7,17.5,17.3,17.7,17.5,0.2
,,,,SB,22.1,19.8,18.4,20.0,19.9,0.1
461,충정로,852,8,양방향,26.1,23.1,20.3,23.8,25.2,-1.4
,,,,NB,22.4,19.5,20.9,21.1,22.6,-1.5
,,,,SB,32.8,28.7,20.4,28.5,29.2,-0.7
462,칠패로,591,4~7,양방향,18.2,15.7,14.5,16.2,16.6,-0.4
,,,,EB,18.2,19.3,20.0,19.2,19.3,-0.1
,,,,WB,18.6,13.7,11.9,14.8,15.2,-0.4
463,탄천동로,"9,054",2~7,양방향,29.7,29.5,24.8,28.5,29.6,-1.1
,,,,EB,31.6,28.7,24.6,28.6,30.0,-1.4
,,,,WB,28.2,30.4,25.1,28.7,29.4,-0.7
464,태봉로,"1,602",7,양방향,21.7,22.7,20.4,22.3,22.4,-0.1
,,,,NB,19.5,20.8,19.2,20.6,20.5,0.1
,,,,SB,25.7,25.3,22.1,24.9,26.0,-1.1
465,테헤란로,"4,059",8~12,양방향,25.2,18.9,15.2,20.1,20.9,-0.8
,,,,EB,27.3,19.8,15.4,21.1,21.8,-0.7
,,,,WB,23.5,18.2,15.1,19.3,20.2,-0.9
466,테헤란로 114 길,323,2,양방향,22.3,18.8,19.9,20.7,19.8,0.9
,,,,NB,18.8,15.0,16.0,17.2,15.9,1.3
,,,,SB,28.3,25.2,26.6,26.8,26.8,0.0
467,테헤란로 115 길,799,3~4,양방향,21.6,21.3,15.0,20.1,20.3,-0.2
,,,,NB,21.7,21.0,14.0,19.6,19.9,-0.3
,,,,SB,21.5,23.0,22.8,23.2,23.5,-0.3
468,토성로,847,3,양방향,17.5,17.0,16.4,17.1,17.7,-0.6
,,,,EB,18.0,17.2,16.2,17.1,17.4,-0.3
,,,,WB,17.5,17.0,16.7,17.4,18.3,-0.9
469,토정로,"3,217",2~4,양방향,20.3,18.7,18.3,19.1,20.0,-0.9
,,,,EB,20.3,18.3,18.1,18.8,20.4,-1.6
,,,,WB,20.4,19.1,18.5,19.4,19.7,-0.3
470,통일로,"11,705",6~9,양방향,24.1,22.0,19.1,22.3,22.8,-0.5
,,,,NB,27.1,22.3,19.0,23.1,23.5,-0.4
,,,,SB,22.1,21.8,19.4,21.8,22.5,-0.7
471,퇴계로,"4,710",6~9,양방향,24.9,18.8,17.2,20.7,21.2,-0.5
,,,,EB,25.5,19.2,16.0,20.4,21.2,-0.8
,,,,WB,24.5,18.6,18.9,21.3,21.6,-0.3
472,평창문화로,"3,161",4,양방향,29.6,27.4,23.4,27.4,28.7,-1.3
,,,,EB,32.5,29.7,24.8,29.3,30.6,-1.3
,,,,WB,27.4,25.6,22.4,25.9,27.3,-1.4
473,풍성로,"3,250",2,양방향,18.9,17.8,16.3,18.0,18.6,-0.6
,,,,EB,19.7,18.0,17.0,18.4,19.1,-0.7
,,,,WB,18.2,17.6,15.7,17.6,18.1,-0.5
474,하늘길,674,10,양방향,29.2,30.7,29.7,29.9,29.5,0.4
,,,,EB,22.8,26.4,25.4,25.3,25.2,0.1
,,,,WB,41.0,36.9,35.9,37.1,36.2,0.9
475,학동로,"3,604",4~6,양방향,25.1,18.3,15.0,19.5,20.3,-0.8
,,,,EB,25.5,19.4,15.9,20.6,21.5,-0.9
,,,,WB,24.8,17.4,14.3,18.7,19.4,-0.7
476,한가람로,"3,167",2~5,양방향,26.4,28.3,27.4,27.7,28.7,-1.0
,,,,EB,29.4,28.4,27.5,28.5,29.2,-0.7
,,,,WB,24.4,28.4,27.4,27.3,28.4,-1.1
477,한강대로,"4,182",6~19,양방향,26.7,23.2,21.0,24.0,24.5,-0.5
,,,,NB,25.8,23.9,24.8,25.0,25.9,-0.9
,,,,SB,27.9,22.6,18.5,23.3,23.6,-0.3
478,한강대로 77 길,180,4,양방향,17.9,14.6,11.3,14.4,14.9,-0.5
,,,,EB,17.9,17.3,13.5,15.8,15.2,0.6
,,,,WB,18.5,13.0,9.9,13.6,15.1,-1.5
479,한글비석로,"5,936",2~7,양방향,20.7,19.0,17.7,19.3,21.1,-1.8
,,,,NB,20.5,18.6,17.5,19.1,20.8,-1.7
,,,,SB,20.8,19.5,17.9,19.6,21.4,-1.8
480,한남대로,"2,144",9~10,양방향,35.9,32.2,29.3,32.9,33.8,-0.9
,,,,NB,36.2,33.7,32.8,34.9,35.9,-1.0
,,,,SB,35.7,30.9,26.8,31.3,32.2,-0.9
481,한천로,"11,846",4~8,양방향,23.6,21.7,19.7,21.9,22.9,-1.0
,,,,NB,25.0,22.2,19.0,22.3,23.4,-1.1
,,,,SB,22.4,21.3,20.5,21.5,22.5,-1.0
482,한천로 58 길,855,5,양방향,24.8,26.3,24.4,25.6,26.8,-1.2
,,,,EB,31.1,29.8,25.9,29.2,30.2,-1.0
,,,,WB,21.2,23.7,23.2,23.1,24.4,-1.3
483,한천로 66 길,"1,186",2~3,양방향,21.3,21.8,20.6,21.4,22.0,-0.6
,,,,NB,24.4,23.2,21.6,23.1,23.4,-0.3
,,,,SB,19.1,20.6,19.9,20.2,20.9,-0.7
484,해등로,"3,854",4,양방향,20.5,19.5,18.4,19.6,20.7,-1.1
,,,,EB,19.7,18.9,18.1,19.1,20.2,-1.1
,,,,WB,21.4,20.1,18.8,20.2,21.2,-1.0
485,행당로,"1,375",4,양방향,19.0,17.9,17.0,18.1,-,-
,,,,EB,19.0,17.3,16.0,17.5,-,-
,,,,WB,19.1,18.5,18.3,18.9,-,-
486,허준로,"2,494",4~5,양방향,19.6,19.1,18.0,19.2,20.7,-1.5
,,,,EB,20.3,19.9,18.5,19.9,21.3,-1.4
,,,,WB,19.1,18.5,17.7,18.7,20.2,-1.5
487,헌릉로,"8,599",6~11,양방향,28.9,29.9,27.3,29.2,29.2,0.0
,,,,EB,31.5,30.9,27.8,30.5,31.2,-0.7
,,,,WB,26.9,29.1,27.0,28.1,27.7,0.4
488,현충로,"2,784",6~8,양방향,27.5,27.8,22.8,26.7,27.1,-0.4
,,,,EB,25.0,26.2,24.9,26.1,26.7,-0.6
,,,,WB,31.1,29.8,21.3,28.1,28.3,-0.2
489,혜화로,976,2,양방향,18.3,18.1,18.6,18.8,19.6,-0.8
,,,,NB,18.3,18.3,18.4,18.9,19.8,-0.9
,,,,SB,18.4,18.0,18.9,18.7,19.5,-0.8
490,호암로,"4,931",4,양방향,32.8,33.0,29.4,32.2,33.1,-0.9
,,,,NB,31.6,32.2,26.8,30.9,32.2,-1.3
,,,,SB,34.2,33.8,32.8,33.7,34.1,-0.4
491,홍릉로,"1,271",4~5,양방향,20.9,19.4,19.5,20.1,21.4,-1.3
,,,,NB,21.9,21.5,21.1,21.7,22.9,-1.2
,,,,SB,20.3,17.7,18.2,18.9,20.3,-1.4
492,홍익로,355,2,양방향,17.5,13.1,11.4,13.9,14.7,-0.8
,,,,NB,15.7,12.3,10.3,12.9,13.7,-0.8
,,,,SB,20.4,14.2,13.2,15.5,16.2,-0.7
493,홍제천로,"1,111",2~3,양방향,20.6,21.3,19.4,20.7,20.9,-0.2
,,,,EB,21.7,20.5,18.4,20.2,20.6,-0.4
,,,,WB,19.7,24.3,23.3,23.3,22.9,0.4
494,화곡로,"5,988",4~8,양방향,23.3,23.4,18.8,22.8,23.3,-0.5
,,,,NB,22.4,21.6,19.7,22.1,22.6,-0.5
,,,,SB,24.5,25.5,18.0,23.8,24.3,-0.5
495,화랑로,"10,021",4~12,양방향,26.2,24.7,20.0,24.7,25.9,-1.2
,,,,EB,27.9,25.2,22.0,26.0,27.4,-1.4
,,,,WB,24.9,24.5,18.5,23.6,24.8,-1.2
496,황물로,"1,970",4,양방향,19.3,17.5,18.9,18.9,-,-
,,,,NB,17.8,16.5,18.9,18.0,-,-
,,,,SB,21.2,18.7,19.1,20.0,-,-
497,회기로,"1,997",2~6,양방향,22.9,20.5,19.1,21.0,21.5,-0.5
,,,,EB,22.5,19.3,17.5,19.8,20.8,-1.0
,,,,WB,23.5,22.0,21.1,22.5,22.2,0.3
498,회기로 5 길,"1,080",2,양방향,23.5,23.1,19.9,22.7,23.4,-0.7
,,,,NB,24.2,22.7,18.6,22.4,23.3,-0.9
,,,,SB,23.4,23.7,22.0,23.4,23.8,-0.4
499,효령로,"4,394",4~7,양방향,26.3,23.8,20.6,24.0,24.8,-0.8
,,,,EB,26.4,23.6,21.7,24.2,24.8,-0.6
,,,,WB,26.2,24.0,19.7,23.8,24.9,-1.1
500,효자로,"1,136",4,양방향,20.5,20.3,19.1,20.0,20.2,-0.2
,,,,NB,20.8,19.8,18.8,19.9,20.4,-0.5
,,,,SB,20.6,20.9,19.5,20.2,20.2,0.0
501,효창원로,"1,991",2~4,양방향,19.3,17.3,17.3,18.1,19.0,-0.9
,,,,NB,20.4,17.8,18.2,18.9,19.7,-0.8
,,,,SB,18.5,16.8,16.5,17.4,18.4,-1.0
502,후암로,"1,186",2~5,양방향,19.5,18.2,17.5,18.6,19.1,-0.5
,,,,NB,18.7,17.1,16.6,17.7,18.4,-0.7
,,,,SB,20.5,19.5,18.6,19.8,19.9,-0.1
503,휘경로,800,3~4,양방향,21.5,19.7,19.1,20.2,20.9,-0.7
,,,,EB,23.7,24.0,22.0,23.6,24.1,-0.5
,,,,WB,19.8,16.8,16.9,17.8,18.6,-0.8
504,흑석로,"1,341",2~3,양방향,17.6,17.2,16.6,17.3,-,-
,,,,EB,17.7,18.2,18.2,18.2,-,-
,,,,WB,17.8,16.4,15.4,16.6,-,-
505,희우정로,690,4,양방향,20.3,18.4,19.4,19.4,19.6,-0.2
,,,,EB,18.6,17.1,18.7,18.4,18.3,0.1
,,,,WB,22.7,20.1,20.4,20.8,21.3,-0.5