hotspot_center_lat,hotspot_center_lng,accident_count
37.58124326499757,126.79803480116344,13
37.57224292328878,126.803719038179,18
37.573143912994475,126.8037166735342,11
37.56143663126835,126.80714285848511,14
37.54883717181732,126.81622838174727,11
37.56055704324769,126.82072683759189,15
37.538941635448346,126.82643601406583,19
37.559664507549115,126.82638795596961,26
37.535339307610585,126.82757579143724,10
37.559666166363826,126.82751974817843,12
37.53534095413764,126.82870721599457,21
37.53624195075253,126.82870515513198,15
37.55966945144555,126.82978333287289,10
37.525436457678154,126.8332549797885,10
37.528139452288414,126.83324896322767,10
37.52904045021604,126.83324695752877,13
37.558773304460395,126.83318071933552,16
37.52543804943989,126.83438625510348,11
37.53985400717697,126.834354375252,12
37.48849857545317,126.83559856172317,25
37.49300516281958,126.83671947387802,10
37.522738204144076,126.83665469931637,14
37.54075815611224,126.83661539565853,15
37.54796612145425,126.83659966439178,19
37.55247109531073,126.8365898295038,16
37.5209377649154,126.83778983531748,16
37.525442759709584,126.8377800815781,10
37.52634375825476,126.83777813056962,12
37.540759716223874,126.83774690261589,11
37.558779614038016,126.83770783637249,19
37.559680607480544,126.83770588214685,11
37.517335314565464,126.83892878998827,18
37.55878116431017,126.83883961585082,11
37.55968215780283,126.83883767525325,19
37.56058315115755,126.83883573456923,10
37.49481180974491,126.84010799115946,11
37.51643585167616,126.84006186625791,14
37.54166380022222,126.84000799153681,28
37.558782703733435,126.83997139541555,12
37.49481333481257,126.84123880476587,25
37.5407643315074,126.84114142400723,12
37.54166532785757,126.84113951236911,17
37.56869515423208,126.84108212362331,16
37.53896385503926,126.84227672709952,15
37.495717355955314,126.84349855210105,17
37.50923239160555,126.84347034007644,13
37.542569346911606,126.84340066979841,11
37.54347034308373,126.84339878522437,11
37.496619851989145,126.8446275129157,10
37.520045891740644,126.84457895135635,14
37.54527383031635,126.84452659138032,11
37.55788775906135,126.84450038690034,19
37.496621333856595,126.8457583540289,17
37.5308593623437,126.84568787717787,10
37.5326613583281,126.84568416456557,12
37.53356235611346,126.84568230813542,22
37.49752380824696,126.84688735568429,10
37.501127820259086,126.84687999670378,16
37.5020288229175,126.84687815675383,14
37.530860835196016,126.8468192350782,21
37.502030283419,126.84800907955834,10
37.52906030048448,126.84795425090867,13
37.52996129891633,126.84795242202533,21
37.530862297210284,126.84795059306053,15
37.53446628900726,126.84794327638696,19
37.54978322953034,126.84791216598087,11
37.52816075295016,126.8490873969501,32
37.530863748386494,126.84908195112435,11
37.52545919633151,126.85022411854987,15
37.52816219314854,126.85021871427044,11
37.521856627682986,126.85136254529797,14
37.5245596262932,126.85135718279258,10
37.55339153425359,126.8512999381392,19
37.55429252910205,126.85129814792904,12
37.520957046027824,126.8524955412826,19
37.556095938332575,126.85242630686413,18
37.49392839213146,126.8536795176958,12
37.51915645312956,126.85363027004306,14
37.555196352767936,126.85355980965605,12
37.55789933634654,126.85355452006586,10
37.55519775097432,126.85469153578255,17
37.55970272314186,126.85468278754085,10
37.560603717161634,126.85468103765874,11
37.490327153680326,126.85594804147983,17
37.49122815836097,126.8559463111693,15
37.49212916290379,126.85594458078177,12
37.49393117157594,126.8559411197755,21
37.49753518726627,126.85593419683832,13
37.51375323058038,126.85590302835831,19
37.560605104789694,126.85581284562646,10
37.56330946306811,126.8569394853373,10
37.493933907725605,126.85820272216343,15
37.529072970080485,126.85813623139073,10
37.506549306684676,126.85930985851085,13
37.52907432362653,126.8592675629434,13
37.50655064830784,126.86044085013245,14
37.52907566633521,126.86039889457143,11
37.531778662708284,126.86039385676482,11
37.496642262899194,126.86272098028951,13
37.542593289984275,126.86263677065831,11
37.52637663143849,126.86379780457308,36
37.52727763090919,126.86379616642226,18
37.52817863024202,126.86379452819847,16
37.52907962943697,126.86379288990175,14
37.529980628494066,126.86379125153208,19
37.53268362483812,126.86378633598528,16
37.535386619941335,126.8637814197818,11
37.53899061148203,126.86377486382212,12
37.54890157684362,126.86375682891062,10
37.55160456450109,126.86375190876502,21
37.553406555583265,126.86374862830273,12
37.52277393124205,126.86493559313047,16
37.52637793067155,126.86492909567576,12
37.5389919113036,126.86490634546855,10
37.49935044465654,126.86723956499462,13
37.49935171015174,126.86837044840398,12
37.50476022971441,126.87062288778499,11
37.54800821946285,126.87054817681823,24
37.49845443765176,126.87176463983033,19
37.499355441682354,126.87176309905212,24
37.51016747929877,126.87174460436137,10
37.52638549850685,126.87171684378977,24
37.54710968233898,126.8728129442487,12
37.50746810691191,126.87514224717258,15
37.529993134807505,126.87510471003145,35
37.531795133317175,126.87510170525461,14
37.48584518822444,126.87630892367771,31
37.48944921186168,126.8763029812744,16
37.50566729094242,126.87627622735883,11
37.52458832676243,126.87624498734448,24
37.52999432583122,126.87623605625933,24
37.48584636654086,126.87743960388306,14
37.48674737269502,126.87743813196057,27
37.48764837871136,126.87743665997253,18
37.50116345241947,126.87741457228573,12
37.486748540228646,126.87856882581058,14
37.47593875854125,126.88084738372093,46
37.53180098043646,126.88075857314172,10
37.54801894561266,126.88073274346849,12
37.49306014267217,126.88308177191576,11
37.5020701888421,126.88306772383133,12
37.51558523225576,126.88304663997313,19
37.46513002453896,126.884255649686,10
37.49035823970696,126.8842167336128,17
37.5227943576,126.88416662732001,10
37.53180435864644,126.88415269464531,11
37.54712132878723,126.8841289948552,13
37.50657742437387,126.88532268363086,14
37.52279546163586,126.88529786521259,12
37.46513221723007,126.88651638674277,18
37.46603322684565,126.88651502484872,10
37.48135036923101,126.8864918633706,12
37.48225137636657,126.8864905003847,19
37.48495439694652,126.88648641106289,21
37.546222530731974,126.8863935731037,10
37.46603430700734,126.88764540703359,14
37.477747419927155,126.88762787329559,27
37.480450442678844,126.88762382560697,11
37.50838160516032,126.88758196781765,15
37.53090663971973,126.88754816942583,19
37.544421619101335,126.88752787232342,22
37.54532261662387,126.88752651870115,14
37.58676835360641,126.88746418686914,23
37.46243133678887,126.88878112797609,12
37.479550505100775,126.88875576069286,14
37.49486761353363,126.88873304545331,10
37.49576861867184,126.8887317087272,14
37.53090771156269,126.88867952995835,30
37.461531384917215,126.889912776986,11
37.47955156415067,126.88988634654864,87
37.51018574235663,126.88984136075628,17
37.5227997694296,126.88982281739104,10
37.530908772567514,126.88981089055056,10
37.5399187629584,126.88979763289841,14
37.58496850809986,126.88973125600774,11
37.530008822902964,126.89094356303347,10
37.49036573169211,126.89213197475149,10
37.49667277030153,126.89212290376618,17
37.506583817330686,126.89210864364736,11
37.511088833195004,126.89210215946595,11
37.530009862197915,126.89207491013427,19
37.475950644550615,126.89328322955602,11
37.48225769882522,126.89327426005069,11
37.53001089065507,126.89320625729287,36
37.53091189055319,126.8932049726788,12
37.56785276767777,126.89315225421839,20
37.466941570621564,126.8944264343888,11
37.49757581896084,126.89438332302574,11
37.51469488835727,126.89435920294092,10
37.52911090820555,126.89433887545732,15
37.492170792124995,126.89552171190456,25
37.521903909180644,126.89548026582958,12
37.53271591453336,126.89546517942387,13
37.48586474236828,126.89666117690723,17
37.4867657491171,126.89665993583037,10
37.493072792500676,126.89665124674497,10
37.51289488489008,126.89662392055354,10
37.526409909638076,126.89660527370594,15
37.52731091018529,126.89660403013988,22
37.52821191059465,126.89660278651847,12
37.453429390053316,126.89783601173842,13
37.46153849075663,126.8978249799873,28
37.4669445516932,126.89781762303048,24
37.469647580301704,126.89781394381505,20
37.471449598685204,126.89781149073174,22
37.48766773933728,126.89778940314966,28
37.49487578751965,126.89777958076314,10
37.50568784325722,126.89776484062176,14
37.51289586939078,126.89775500948448,10
37.52731189519571,126.89773533670079,11
37.53542089420437,126.89772426459908,15
37.536321893405,126.8977230340916,47
37.457034407905816,126.89896135641597,10
37.4597374411547,126.89895771968325,11
37.47145057090653,126.89894195489413,15
37.48316367737558,126.89892618097798,14
37.48856971866169,126.89891889762913,12
37.49397575498735,126.89891161233429,10
37.51379784573837,126.89888488292907,11
37.52731286936939,126.89886664331644,12
37.5354218686617,126.89885569369973,21
37.57326371771022,126.89880453742464,19
37.45433233423239,126.90009519917335,21
37.45523334589745,126.90009400070302,11
37.483164639186455,126.90005682164522,16
37.494877722774945,126.90004121514947,19
37.50298676700215,126.90003040535952,15
37.45253126043438,126.90122777540341,10
37.45433328423925,126.90122540573708,20
37.482264582752606,126.90118864891467,25
37.48316559017776,126.90118746236587,12
37.49037364461886,126.90117796807344,15
37.506591734867484,126.9011565935467,13
37.518304772278555,126.90114114573106,10
37.5516417512593,126.90109712989533,13
37.46424534484997,126.90234272458821,13
37.46784938486726,126.90233803656305,14
37.46875039452717,126.90233686442629,16
37.47055241343373,126.90233451999624,16
37.47956249970046,126.90232279471412,14
37.48406753766731,126.90231693011512,24
37.484968544847334,126.90231575703864,11
37.51560270698005,126.90227584134534,12
37.43721590228868,126.90350780735947,10
37.43811691666187,126.90350665054217,23
37.44352300000887,126.90349970855688,12
37.45343413993379,126.90348697676686,10
37.47776141272101,126.9034556995623,17
37.479563428932316,126.90345338123636,22
37.56335657398438,126.90334535076056,13
37.576871485720446,126.90332788455316,15
37.459742138059205,126.9046091595493,14
37.47956434734598,126.9045839678102,10
37.48046535527471,126.90458282214477,15
37.520109567724305,126.90453236233233,12
37.521010569452,126.9045312143691,11
37.48857532832239,126.90570323126185,13
37.5083974412584,126.90567830252742,13
37.51560546578944,126.90566923147699,14
37.51740747054405,126.90566696320947,11
37.51830847271461,126.90566582899996,14
37.52281348150007,126.90566015719475,11
37.525516485117414,126.90565675350543,21
37.58047728958004,126.90558744644458,15
37.48857622538995,126.906833953714,24
37.489477231999274,126.90683283470038,10
37.51650736620345,126.90679924111333,20
37.5174083685409,126.9067981205541,12
37.56426030014405,126.90673978266086,11
37.490379124774044,126.90796246530154,14
37.51740925570485,126.9079292779486,14
37.518310257933166,126.90792817093984,10
37.51921126002367,126.90792706388179,17
37.54624125864604,126.90789382920725,11
37.49218201289861,126.90909103106912,23
37.49939005796196,126.9090822933391,11
37.500291062974796,126.90908120090401,17
37.51290511868528,126.90906590170408,10
37.51741013203591,126.9090604353924,16
37.518311134292574,126.90905934198405,12
37.52551914738427,126.90905059296405,20
37.53182615160349,126.90904293501453,17
37.596697802921526,126.90896402882672,12
37.61561856656379,126.9089409668214,11
37.486776837860546,126.91022827776403,12
37.51020297429532,126.91020022961818,10
37.51110397768252,126.91019915019477,13
37.52552001313446,126.91018187288181,15
37.565163928679134,126.91013429675095,12
37.577777845832834,126.91011913933114,13
37.584084794274645,126.91011155707662,10
37.60570856620172,126.91008554282244,16
37.50569880959814,126.91133660680507,16
37.506599813702,126.91133554121444,13
37.51831285451162,126.91132168421787,15
37.52552086804858,126.91131315284765,11
37.52642186912048,126.91131208621266,16
37.54894685112057,126.91128540489599,16
37.566065779817066,126.91126510722025,14
37.58408565098775,126.91124372268337,12
37.61381831782025,126.91120839652785,14
37.487679541515426,126.91248861777164,13
37.51831369837128,126.91245285540631,61
37.51921470057309,126.91245180275222,17
37.54894769590879,126.91241703885817,19
37.56516563009083,126.912398055191,22
37.484977352057484,126.91362243909997,12
37.48677936657422,126.91362036436833,24
37.51831453139767,126.91358402664162,17
37.519215533626415,126.91358298758853,15
37.54894852985182,126.9135486728673,16
37.58228534709371,126.9135101387726,20
37.58859229128329,126.91350284139313,11
37.59219625635772,126.91349867044045,14
37.593097247281555,126.91349762758617,12
37.48137414247381,126.91475720217076,27
37.48227515037874,126.91475617858896,26
37.496691258119874,126.91473979508054,18
37.52011735796369,126.91471314697333,19
37.54894935294968,126.91468030692273,21
37.592197080734074,126.91463095901773,11
37.60571193051018,126.91461551615095,11
37.47777091965573,126.91589185595087,12
37.59850482818974,126.9157561378216,10
37.59940581820112,126.91575512195219,14
37.60571274441907,126.91574800959927,11
37.619227563556436,126.91573276137414,10
37.477771719017575,126.9170224159044,11
37.517415963032015,126.91697853882836,12
37.52912898407106,126.91696555868738,17
37.5885947315107,126.91689954347099,10
37.59039671448151,126.91689753997932,22
37.61111947899558,126.91687448699366,28
37.61202046710198,126.91687348415412,12
37.482277548852345,126.91814806207377,13
37.51471374446037,126.91811265019739,15
37.55255574693162,126.91807126453365,22
37.56787267880059,126.91805449117564,14
37.56967466816561,126.91805251700443,11
37.61382323530575,126.91800409484021,12
37.60030918413663,126.91915134081202,12
37.61652697965667,126.9191337843246,11
37.61742796698632,126.91913280855142,15
37.619229941231836,126.9191308568747,13
37.498497214764726,126.92039210805714,14
37.500299225456416,126.92039019499529,23
37.55616128347511,126.92033080549614,11
37.608418857997144,126.92027509893491,12
37.618329724966465,126.92026451765433,19
37.620131698985915,126.92026259322809,12
37.62103268578873,126.92026163095069,22
37.503904001988,126.92151732237305,12
37.523726071629454,126.92149656284346,17
37.54985506150929,126.92146916691846,11
37.550756059092684,126.92146822160026,11
37.555261044941794,126.92146349437763,29
37.56697399201947,126.9214511986717,11
37.61923147198594,126.92139625409341,20
37.50660776145849,126.92264548755583,16
37.54985580871506,126.92260081490294,12
37.55075680632261,126.92259988320694,17
37.55436079537427,126.92259615600804,13
37.55616278907296,126.92259429215962,15
37.60661838871773,126.92254203694625,22
37.617430246661264,126.92253082243454,10
37.619232221054126,126.92252895276647,13
37.50931150900384,126.92377373396447,13
37.5525595375558,126.92372970858494,11
37.557064522266266,126.92372511719391,17
37.560668507553125,126.92372144334495,13
37.58499535053908,126.92369662773933,10
37.5120152446209,126.92490206161472,12
37.52192627492134,126.92489212902602,13
37.484084782506514,126.92606068261686,22
37.52643199725006,126.92601890674632,26
37.55886795583506,126.92598684902441,11
37.48408548466989,126.92719133797712,22
37.48949152916829,126.92718609123109,17
37.49489756870682,126.92718084308324,14
37.49579857481433,126.92717996825561,10
37.51471967124279,126.92716158787474,11
37.52553169905974,126.92715107708086,12
37.5588686598863,126.92711863342085,14
37.5624726443477,126.92711512279517,11
37.58139352657841,126.92709668174702,15
37.4813831518371,126.92832457549326,17
37.48408617601331,126.92832199337627,22
37.487690206319485,126.92831855001707,15
37.488591213551615,126.92831768908145,13
37.48949222064596,126.92831682810748,13
37.49850228401165,126.92830821625921,22
37.499403289590425,126.92830735486348,35
37.516522369406246,126.92829098105504,22
37.51742337222906,126.92829011889185,27
37.52463138985038,126.92828322020428,10
37.48228484051302,126.92945434310916,21
37.48318584859376,126.92945349598033,16
37.484086856536756,126.92945264881375,26
37.48498786434198,126.92945180160947,17
37.48588887200944,126.92945095436747,10
37.51742405356772,126.92942127711936,14
37.529137078009896,126.92941024235661,20
37.56427601157345,126.92937709971517,11
37.611127596785664,126.92933281988964,15
37.484087526240245,126.93058330428894,28
37.49940464056034,126.93056912759373,19
37.518325726802196,126.93055160038392,13
37.52192973633906,126.9305482600092,11
37.56697966947772,126.93050645508474,20
37.57779160214853,126.9304964080445,13
37.478682135141426,126.93171887932387,10
37.499405299806426,126.9317000140149,14
37.50030630531245,126.93169919334574,14
37.51922738910862,126.93168195084992,12
37.547158401729774,126.93165646815582,11
37.557069374367785,126.93164741745046,12
37.5003069537536,126.93283009339173,12
37.52012904048594,126.9328123285186,16
37.55256503853174,126.93278322116163,12
37.47147534550875,126.93398636771884,21
37.48499047832077,126.9339744780427,21
37.502109602050396,126.93395940638266,11
37.570585599478285,126.93389899207074,10
37.48679312017155,126.93510358850848,17
37.5606752772771,126.935039560822,10
37.60392293915661,126.93500197257077,10
37.50301185005626,126.93622049459061,12
37.554368917204265,126.93617675229139,10
37.55526991438519,126.93617598389119,26
37.58139877266155,126.93615368539355,11
37.58860671315943,126.93614752901418,10
37.6003195976456,126.93613752021825,15
37.47688324868591,126.9373732539571,12
37.5552705207165,126.93730771411028,15
37.504815643209724,126.9396118661622,19
37.50751865725283,126.939609688831,10
37.51382625813251,126.94073571144273,11
37.516529268097344,126.94073357393769,11
37.559777258843035,126.94069933499468,12
37.59131205186483,126.94067432291921,11
37.500311751537026,126.94187729500267,10
37.54806485550173,126.9418402366338,13
37.59131261553407,126.94180659877858,35
37.49580727266356,126.94301161897494,10
37.55617438681369,126.94296567901881,11
37.55887737745299,126.94296361879816,11
37.49851083114725,126.9441404380937,15
37.49941183700259,126.94413976692603,10
37.512926908298304,126.94412969582388,16
37.51382791194903,126.94412902417787,14
37.58861073448593,126.94407317316981,10
37.53905648830777,126.94524169122161,13
37.58771027329179,126.94520606865946,16
37.58861126551857,126.94520540817416,13
37.48139274088539,126.94641441499273,15
37.48229374939222,126.94641377154507,22
37.48319475776129,126.94641312806876,18
37.50481891728869,126.94639767603915,15
37.513828960335694,126.94639123281851,17
37.5399580072435,126.94637253124621,13
37.55707697512733,126.94636026539075,16
37.48139324824008,126.94754503023064,10
37.486799297313176,126.94754125058144,11
37.503017414774675,126.94752990557367,36
37.50391841999143,126.94752927502881,16
37.53995851566625,126.94750403019844,14
37.58590931780801,126.9474717777552,10
37.481393744775836,126.94867564549659,11
37.501215900817186,126.94866208066215,10
37.516532975720864,126.94865158964001,10
37.54086001283005,126.94863491109733,14
37.54176101227498,126.94863429298836,12
37.5850088235205,126.94860459136373,11
37.59491973552487,126.94859777579448,14
37.50121638687993,126.94979299477261,10
37.503919403038964,126.94979118476321,15
37.54176149904582,126.94976581922802,12
37.48049369668242,126.95093746522666,10
37.48139470539058,126.9509368761102,10
37.54356397351289,126.9508961636625,19
37.47869214288677,126.95206921800222,30
37.47959315188545,126.95206864251266,13
37.480494160746375,126.95206806699747,15
37.48139516946956,126.95206749145666,14
37.497613302929594,126.95205712733899,22
37.51473239537597,126.95204617842194,10
37.48049461399176,126.95319866879393,13
37.4813956227296,126.95319810682874,28
37.4822966313297,126.95319754483857,31
37.49761375645373,126.95318798717605,14
37.54266389367188,126.95315983443686,10
37.48049505641856,126.95432927061536,10
37.48319808226179,126.95432762537357,11
37.49581218647003,126.95431994467211,24
37.51293128470332,126.95430951320212,12
37.48049548802677,126.95545987246123,23
37.485000530479894,126.95545719815374,10
37.51293171681459,126.95544060415229,16
37.51383272062088,126.95544006848047,22
37.576902644576656,126.95540251211654,16
37.494912032761384,126.95658213173381,10
37.513833141914596,126.95657117305191,21
37.479595309856684,126.95772158386377,19
37.54086360329326,126.95768701280484,12
37.57420049524946,126.95766815805992,11
37.600329278628315,126.95765335828304,10
37.51743796601394,126.95883140252543,17
37.55708197455508,126.95880960211313,12
37.4777940789918,126.95998372148226,16
37.572399296003574,126.95993315755221,22
37.47779445647045,126.96111428271782,13
37.53906277121188,126.96108248793476,12
37.558884736610736,126.96107218075825,11
37.57239967476656,126.96106514734599,13
37.47779482313156,126.96224484397413,20
37.53545913775692,126.96221579208388,11
37.570598052689476,126.96219804794735,13
37.50842941678164,126.96336044359218,13
37.5264498278958,126.96448292717943,10
37.55978680413087,126.96446710893267,12
37.52645016268876,126.96561422234754,16
37.566995109462084,126.96559559340471,15
37.47509315287477,126.96676828610083,14
37.506628410866,126.96675431225009,14
37.50752941575732,126.96675391267713,12
37.53816350007348,126.96674031660537,19
37.56519344216222,126.96672830296501,18
37.56609443809524,126.96672790223387,27
37.52915380496171,126.9678756536127,16
37.53005480641823,126.96787526720304,14
37.56699574746649,126.96785940958287,10
37.48590587484816,126.9690248646115,12
37.53005510874094,126.96900661685432,16
37.53996611577438,126.96900251494401,13
37.55978807980964,126.96899430509316,24
37.568798041406964,126.96899057068302,10
37.485005157644174,126.97015590659296,10
37.54176868763397,126.97126482220514,15
37.559788652552456,126.9712579032756,28
37.4841046988279,126.97241757786345,19
37.54176895755658,126.97239634886797,14
37.54537295498591,126.97239502004594,11
37.554382938910976,126.97239169695516,10
37.555283936545365,126.97239136456467,16
37.55618493404192,126.97239103215938,15
37.55708593140064,126.97239069973931,27
37.57600684408972,126.97238371549682,19
37.48320394884343,126.97354855196987,17
37.535462215770536,126.97353010511388,13
37.483204196559726,126.97467919486714,12
37.504828363420174,126.97467189348912,10
37.53546246395211,126.97466153650487,17
37.5597894302959,126.97465330066332,18
37.56339341676378,126.97465207969624,10
37.57600735203147,126.97464780459829,12
37.50392759512503,126.97580315321473,45
37.56069066467628,126.97578480822814,16
37.47689759581412,126.97694241875016,13
37.484105668085135,126.97694020378826,11
37.56429487735965,126.97691550904972,16
37.56519587350916,126.97691523102435,10
37.5669978653946,126.97691467493651,13
37.569700852188824,126.97691384071187,20
37.5733048326511,126.97691272823896,10
37.575106822055055,126.97691217192816,39
37.47689781102273,126.97807296666082,26
37.48410608779381,126.97920151682705,11
37.50212623017109,126.97919651932249,24
37.56429529827842,126.97917924372848,16
37.576008237645986,126.97917598295965,15
37.47689820898836,126.98033406251663,13
37.48500728985201,126.98033193717197,14
37.487710314327025,126.98033122853445,14
37.502126423920785,126.98032744753543,12
37.47419536229369,126.98146527800351,14
37.475096372248665,126.98146505549911,19
37.4759973820659,126.98146483298483,22
37.47689839174539,126.98146461046063,47
37.478700410691154,126.9814641653825,14
37.47960141995741,126.9814639428286,13
37.48500747266227,126.98146260729693,21
37.48771049715504,126.98146193939732,11
37.56069168971267,126.98144387234177,14
37.56159268643938,126.98144364888422,25
37.56249368302826,126.98144342541674,10
37.47239351388254,126.98259620307928,20
37.47689856368522,126.98259515841453,18
37.48500764465218,126.98259327743183,11
37.48590865295977,126.9825930683872,17
37.487710669161665,126.98259265027009,10
37.48861167705598,126.98259244119755,10
37.56069186217057,126.98257568519679,13
37.56429584827268,126.98257484582881,12
37.56609784049661,126.98257442608877,16
37.5660980021361,126.98370632073967,18
37.576008949568454,126.98370416149974,16
37.49852306647125,126.98485188856996,10
37.4994240727225,126.98485170656123,10
37.50032507883596,126.98485152454437,15
37.5660982928594,126.98597011006707,10
37.576910234798525,126.9859680817575,22
37.46788904003627,126.987118896617,11
37.56609842194322,126.98710200474237,31
37.56790041365334,126.98710169403306,12
37.56880140930162,126.98710153866806,10
37.576910363932434,126.98710014007148,12
37.570603518435654,126.98823319077162,15
37.50573160618416,126.98937436281115,12
37.56159366583093,126.98936643445128,11
37.57060362583304,126.98936515363229,14
37.5345637995391,126.99050169140163,12
37.5552869425564,126.99276252412882,11
37.55618794015017,126.99276243699029,10
37.560692926051374,126.9927620012395,13
37.48771179405111,126.99389975940996,20
37.534564023758186,126.99389594517142,14
37.53456407681863,126.99502736310204,14
37.53456411903948,126.99615878103532,11
37.57060407371256,126.99728889378278,16
37.57601004318353,126.99728869780402,10
37.57691103761284,126.99728866513578,11
37.49942503342361,126.99842235683423,10
37.50032603956816,126.99842233787778,10
37.51023709806506,126.99842212930129,17
37.53546517173293,126.99842159791805,13
37.56429712362071,126.99842098981105,10
37.58321801533514,126.99842059026965,10
37.50032604925822,126.99955323900882,10
37.507534093457274,126.99955319605567,15
37.50483107677953,127.00068418124708,20
37.505732082097715,127.00068418946958,10
37.506633087278125,127.00068419769246,12
37.52645516638692,127.00068437868813,11
37.58502001043115,127.0006849144851,23
37.585921003482675,127.00068492274025,15
37.504831064815065,127.00181515032891,23
37.5670001084567,127.00181665781038,12
37.570604090863434,127.00181674534272,21
37.57601006033774,127.0018168766705,12
37.58321801191628,127.0018170518288,13
37.584119005243174,127.00181707372795,10
37.58592099148333,127.00181711752923,20
37.50212802524471,127.00294601319972,23
37.5030290309751,127.00294604860147,24
37.5057320473396,127.00294615481626,14
37.54177214703195,127.00294757236968,10
37.54627714398987,127.00294774974145,11
37.55889111714036,127.0029482465926,10
37.56339610100379,127.00294842411449,12
37.57601003748691,127.0029489213862,12
37.5021279916274,127.00407694150663,11
37.50573201371794,127.00407713748751,17
37.5372671129687,127.00407885381011,13
37.6075447267232,127.00408268839494,15
37.537267068468275,127.00521031258067,22
37.494018834177446,127.006338112715,10
37.5282570020272,127.00634100848814,17
37.533663010340945,127.00634146616355,14
37.558890983535434,127.00634360359969,17
37.5624949708846,127.00634390916532,14
37.571504929607904,127.00634467331761,11
37.58862381320073,127.00634612614483,23
37.49131574638024,127.00746864957348,11
37.492216753757376,127.00746873928803,11
37.51564289720559,127.0074710732691,10
37.53276194312879,127.00747278058024,10
37.533662944167745,127.00747287047875,20
37.56429689748608,127.00747592941087,12
37.56609888977789,127.00747610949233,13
37.61295049579189,127.00748079724471,15
37.48861264653428,127.00859910496817,11
37.49041466197238,127.00859931154014,22
37.503929760193245,127.00860086141634,11
37.50753378115017,127.00860127489153,28
37.531860864944534,127.008604067776,10
37.57150478622763,127.0086086263443,18
37.4868105428411,127.00972959576399,10
37.49221658913836,127.00973029696836,10
37.50483067787832,127.00973193384054,25
37.50573168318359,127.00973205079903,13
37.50753369338081,127.00973228473165,14
37.568801712109405,127.00974025084878,12
37.56970270762963,127.00974036817763,15
37.57150469825648,127.00974060285101,21
37.608445384570075,127.00974541826467,19
37.484107419317226,127.01085990184018,12
37.49311749782498,127.01086120627015,12
37.50392957384957,127.01086277235297,13
37.504830579289425,127.01086290289766,20
37.554385666273724,127.01087009181403,24
37.55528666399632,127.01087022268464,17
37.571504599431336,127.0108725793525,11
37.604841326434034,127.01087742955107,22
37.60754429602575,127.01087782316083,12
37.4832063013768,127.01199041445393,10
37.49942443518794,127.01199300722877,10
37.50843449024001,127.0119944485574,15
37.567900507974024,127.01200397743953,10
37.5715044897522,127.01200455584816,17
37.57240548485209,127.0120047004664,14
37.60484121662361,127.01200991101526,14
37.62015802783845,127.01201237445777,16
37.48050315459566,127.01312058481638,14
37.49311726825965,127.0131227910845,10
37.494018275345326,127.0131229487277,12
37.591326229483165,127.01314001557841,14
37.59222722154595,127.01314017398865,11
37.48500806730965,127.01425204277837,14
37.488612099768154,127.01425272745907,17
37.492216130022534,127.0142534122617,14
37.49311713724173,127.01425358348145,19
37.494018144323164,127.01425375470876,15
37.52555330537402,127.01425975247142,10
37.56519726832964,127.01426730579007,10
37.572405232923664,127.01426868071152,17
37.603939974273814,127.0142747017559,12
37.49401800247717,127.01538456068224,12
37.524652161112876,127.01539084917103,10
37.563395133602825,127.01539881590632,12
37.569702105002904,127.01540011426118,26
37.57150409559079,127.01540048529407,12
37.57330608562723,127.01540085635999,30
37.57420708043863,127.01540104190533,12
37.60393983186703,127.01540716954017,14
37.485007772889084,127.01651338308885,13
37.50843394422109,127.01651854217882,10
37.52104799789903,127.01652132262514,26
37.52285000336261,127.01652171997326,27
37.5237510058877,127.0165219186606,19
37.56519697306021,127.0165310678488,21
37.56609796910741,127.01653126695241,10
37.56699896501676,127.01653146606488,11
37.567899960788246,127.01653166518624,12
37.5922267945051,127.016537044816,11
37.59312778641618,127.0165372441858,16
37.59402877818938,127.01653744356449,12
37.64088016035818,127.01654782350235,11
37.64358311333494,127.01654842307876,12
37.49491869324248,127.01764638459302,12
37.52194883704197,127.01765274865939,25
37.58772166883682,127.01766827011396,12
37.59312762233978,127.01766954809548,13
37.628266199101404,127.01767786330502,13
37.62916718549079,127.01767807670551,13
37.50212656934531,127.0187790090776,15
37.50302757502859,127.01877923474193,21
37.51474063637321,127.01878216929266,11
37.51564164012752,127.01878239509769,17
37.516542643744046,127.01878262091277,12
37.517443647222784,127.01878284673793,15
37.51834465056371,127.01878307257314,12
37.57420658854352,127.01879709401408,11
37.58591950833918,127.01880003890653,11
37.58862248652148,127.01880071873926,16
37.60213735881817,127.0188041192657,13
37.62015714028162,127.01880865683636,17
37.62466207702773,127.0188097918607,17
37.62556306396317,127.01881001889592,10
37.460679974078765,127.01989894309926,10
37.50302738982729,127.01991017655342,11
37.51023543028555,127.01991209097297,18
37.51383944720788,127.01991304843853,12
37.51474045109399,127.01991328783154,26
37.51564145484231,127.01991352723523,23
37.51654245845285,127.01991376664961,42
37.526453489074086,127.01991640091117,11
37.55438448565424,127.01992383168516,12
37.64538455549518,127.01994811290945,15
37.50302719379863,127.02104111835422,15
37.5039281993318,127.02104137121017,12
37.51113623863707,127.02104339446304,26
37.51293824708555,127.02104390038889,12
37.51654226232903,127.02104491237574,20
37.619255769695044,127.02107382990876,13
37.63457254269737,127.02107815476576,12
37.50392799246911,127.02217232659052,11
37.50933402273459,127.02217392552002,15
37.510235027296595,127.02217419204982,10
37.511136031720824,127.02217445859146,14
37.51744305883232,127.02217632471536,32
37.565196044984646,127.02219047282988,14
37.601235778134296,127.02220117278537,11
37.60303775900062,127.02220170828369,11
37.6426811984882,127.02221350132304,14
37.64358218264576,127.02221376961536,19
37.50392777477872,127.02330328195902,25
37.506630790510336,127.02330412214636,14
37.50753179547867,127.02330440223373,11
37.50843280030918,127.0233046823336,10
37.510234809556906,127.02330524257073,10
37.517442841036264,127.02330748401825,19
37.56519582681492,127.0233223537928,15
37.567898814431764,127.0233231965281,15
37.57240379103601,127.02332460133714,18
37.575106775344196,127.02332544437273,27
37.57600776983788,127.02332572540965,25
37.60213655017728,127.02333388092649,11
37.634572116149045,127.02334401968194,29
37.63637408679512,127.02334458342294,29
37.639077041729664,127.02334542912864,12
37.496719498306646,127.02443188865475,14
37.50212553509877,127.02443365007151,13
37.50392754626063,127.02443423731503,30
37.50482855163489,127.0244345309564,59
37.50572955687137,127.02443482461085,11
37.50663056197007,127.02443511827836,14
37.507531566931,127.02443541195895,10
37.602136320852225,127.02446632131186,19
37.603938301413805,127.02446691146531,22
37.630066957564985,127.0244754746006,14
37.63096794363927,127.02447577007847,15
37.63457188655701,127.02447695212149,14
37.63637385718824,127.02447754322198,10
37.637274842296954,127.02447783879197,12
37.63817582726771,127.02447813437513,18
37.63907681210053,127.02447842997147,11
37.64177976577129,127.02447931683945,12
37.49762026549151,127.0255630424117,14
37.50032328407102,127.02556396386376,34
37.501224289988635,127.02556427104182,40
37.50302630141054,127.0255648854389,14
37.504828312281354,127.02556549989073,27
37.51203635025334,127.02556795824526,14
37.54807640782523,127.02558026316241,18
37.603037071003214,127.02559907041177,17
37.60393806120729,127.0255993791532,59
37.62646277148786,127.02560710215967,11
37.63727460180302,127.0256108122585,11
37.638175586766,127.02561112152293,39
37.639076571591055,127.02561143080113,12
37.497620015374686,127.0266939026182,22
37.498521021697535,127.02669422334239,14
37.49942202788261,127.02669454408081,12
37.501224039839435,127.02669518560053,17
37.519244129095775,127.02670160394084,11
37.52645214936553,127.02670417287781,12
37.57060108104984,127.0267199276015,13
37.60393781013414,127.02673184682735,13
37.6237595595538,127.02673894325167,12
37.624660546577715,127.02673926598166,10
37.62646252021176,127.02673991148478,14
37.639977304880205,127.02674475459148,28
37.48860968371145,127.02782142051589,15
37.492213713653086,127.02782275725514,23
37.49671874798045,127.02782442851401,13
37.49761975443262,127.02782476281043,17
37.49852076074701,127.02782509712173,14
37.499421766923646,127.02782543144795,12
37.50572880630235,127.02782777214817,11
37.51924386795101,127.0278327903917,31
37.52014487095858,127.02783312506047,22
37.52735289005833,127.02783580294707,20
37.621957322983036,127.02787103878492,11
37.622858310274324,127.02787137515705,10
37.63547211786963,127.02787608594069,13
37.639076057931085,127.0278774324185,18
37.639977042601565,127.02787776907546,21
37.4841043715494,127.02895040636925,12
37.49491646292187,127.02895457938533,17
37.49581746964079,127.02895492723734,10
37.498520488970904,127.02895597088623,18
37.49942149513875,127.02895631880018,10
37.505728534455876,127.02895875463162,12
37.518342592836014,127.02896362857275,10
37.51924359597258,127.02896397682765,11
37.520144598971356,127.02896432509809,12
37.527352618000705,127.02896711181992,10
37.58231347304105,127.02898839324986,11
37.58591744561434,127.02898979077428,10
37.63547184475444,127.02900903200336,10
37.64087775396598,127.02901113389946,18
37.484104089093975,127.03008106279644,24
37.48951013720504,127.03008323050331,10
37.4931141665239,127.030084675963,33
37.49852020636921,127.03008684463522,21
37.5066292568375,127.0300900987301,11
37.51383729232904,127.03009299235381,17
37.51473829614544,127.03009335412926,20
37.52014431615014,127.03009552512025,15
37.528253336855684,127.03009878269442,10
37.56429329381589,127.03011327660775,12
37.56969926833781,127.03011545292239,16
37.577808220815,127.0301187184849,11
37.60844194049382,127.0301310668736,18
37.609342929835876,127.03013143034467,32
37.6120458970346,127.03013252085493,13
37.61294688582502,127.03013288439075,22
37.613847874477536,127.03013324794276,16
37.61655083960753,127.03013433869593,30
37.617451827708365,127.03013470231271,33
37.64177845429339,127.03014452609028,10
37.48410379581855,127.03121171920755,17
37.48950984387268,127.03121396839195,25
37.49131185878864,127.03121471825362,12
37.4985199129419,127.03121771836814,12
37.499420919091115,127.0312180934576,13
37.50662896332474,127.03122109477455,25
37.51383699874031,127.03122409716082,41
37.60393669717517,127.03126171737422,26
37.60483768719726,127.03126209442307,10
37.60934263523905,127.03126397991922,10
37.48950953971822,127.03234470626388,20
37.49761860241189,127.03234820342442,13
37.51023267775392,127.03235364623818,10
37.51113368210213,127.03235403514046,12
37.52104472083815,127.03235831420834,14
37.56339169850596,127.03237662112693,12
37.60213441133074,127.03239340360751,23
37.60303540161875,127.03239379428028,37
37.603936391768855,127.03239418497046,14
37.610243318958254,127.03239692028902,23
37.48500418514114,127.03347343395758,14
37.490410232248514,127.03347584620445,10
37.4940142608982,127.03347745472705,11
37.49851929361053,127.03347946578323,10
37.4994202997397,127.03347986804818,17
37.50662834381299,127.03348308681275,12
37.50752934870214,127.03348348923895,40
37.5084303534535,127.03348389168308,10
37.51473738285504,127.03348670929364,14
37.52104440550472,127.0334895277826,15
37.5219454081892,127.03348993049559,13
37.52554941754905,127.03349154152691,17
37.52735142140216,127.03349234715019,13
37.52915342470402,127.0334931528452,34
37.53005442614824,127.03349355571963,12
37.562490386348394,127.03350807115328,10
37.60033211410894,127.03352503526416,12
37.601233104662526,127.03352543955845,11
37.60303508535601,127.03352624820103,11
37.61114399165035,127.03352988798417,17
37.616549922973874,127.03353231531696,16
37.64628245649538,127.0335456772489,15
37.500320979805906,127.03461117118816,15
37.506628017814,127.03461408280529,13
37.507529022692594,127.03461449882467,23
37.52014307652521,127.03462032504157,16
37.54447010407027,127.03463157157898,20
37.5606880666137,127.0346390767863,13
37.561589063223245,127.0346394939187,11
37.57780697862158,127.03464700547902,20
37.59852980551191,127.03465661235084,13
37.59943079633073,127.0346570302642,12
37.61114366442615,127.03466246483188,11
37.46067625005774,127.0357231938819,35
37.46788434134699,127.03572662352173,10
37.485003522828954,127.03573477381367,13
37.500320643054444,127.03574207202674,15
37.50302366013762,127.03574336052023,11
37.50842969058388,127.0357459380236,11
37.513835716069885,127.03574851621568,13
37.51473671983527,127.0357489459813,13
37.51563772346288,127.03574937576609,19
37.518340733518926,127.03575066523527,13
37.52194474499782,127.03575238479547,10
37.526449756245846,127.03575453467647,10
37.529152761341,127.03575582483487,11
37.539063769411456,127.03576055689038,15
37.54356876756697,127.03576270859107,32
37.544469766784594,127.03576313898868,40
37.5895195519081,127.03578468332616,10
37.592222528054904,127.03578597751257,11
37.59492550296069,127.03578727187195,12
37.59582649432018,127.03578770336351,12
37.60213342997541,127.03579072434253,15
37.61204431520973,127.03579547349861,13
37.460675902974586,127.03685349738574,23
37.46157691485656,127.03685393958627,25
37.5003202954767,127.03687297284617,27
37.50122130129762,127.03687341591385,21
37.50212230698076,127.03687385900125,11
37.509330347485786,127.03687740441072,10
37.52284539966404,127.0368840554584,12
37.5255484063791,127.0368853862011,10
37.529152413403224,127.03688716080126,12
37.56609335825624,127.03690536868918,24
37.588618210902204,127.03691648738675,11
37.59132118742885,127.03691782246254,19
37.612944954963375,127.03692850949314,13
37.461576556950924,127.03798425663278,19
37.462477568683575,127.03798471241599,12
37.46518060305517,127.03798607988733,16
37.46608161423691,127.0379865357517,12
37.47779474706543,127.03799246383582,14
37.48500281723542,127.03799611359335,17
37.49761691881804,127.03800250379803,11
37.49851792504068,127.03800296039365,12
37.501220942881986,127.03800433030251,21
37.50842898439649,127.0380079842876,35
37.50932998896577,127.03800844112726,19
37.52284504097,127.03801529616366,18
37.525548047650254,127.03801666772046,11
37.572399966350254,127.03804047050751,21
37.57330096113386,127.03804092879382,14
37.57420195577957,127.03804138710055,21
37.57600394465743,127.03804230377521,14
37.57690493888955,127.03804276214316,11
37.5778059329838,127.03804322053153,28
37.57870692694017,127.03804367894033,14
37.57960792075867,127.03804413736951,13
37.58681586634307,127.0380478055382,19
37.602132721408886,127.03805560473744,20
37.657092873240735,127.0380836387616,15
37.462477199954776,127.03911504300517,18
37.4732893298603,127.03912067678931,13
37.47779437813369,127.03912302508783,11
37.49581453678884,127.03913242351143,21
37.501220573639706,127.03913524467089,12
37.50842861505862,127.03913900738938,15
37.52194366895049,127.03914606610022,19
37.52284467144091,127.03914653684859,28
37.52374567379351,127.03914700761791,17
37.524646676008295,127.03914747840822,10
37.525547678085296,127.03914794921947,12
37.526448680024465,127.03914842005172,14
37.5579836610682,127.03916491239518,17
37.577805562724976,127.03917529217568,10
37.578706556669374,127.03917576422556,16
37.60123136046742,127.03918757230771,12
37.60213235082673,127.03918804490453,24
37.4633778319851,127.04024585650407,22
37.468783898516975,127.04024875453939,15
37.49221012952022,127.04026132164219,10
37.49311113654523,127.04026180528288,10
37.50122019357079,127.04026615901829,13
37.5030222047276,127.040267126752,14
37.50662622538787,127.04026906247796,22
37.50752723020848,127.04026954646332,12
37.50932923943635,127.0402705144987,14
37.52284429107676,127.04027777751253,12
37.52374529341706,127.04027826188594,16
37.525547297684234,127.04027923069751,10
37.527349301400186,127.04028019959536,10
37.52825030305144,127.04028068407662,12
37.55798328022395,127.04029668406784,10
37.57870617554178,127.04030784948979,11
37.58050816299232,127.04030882093664,11
37.6003299885468,127.0403195125648,17
37.662498008426034,127.04035311343553,10
37.46517946432344,127.04137719366915,16
37.46698148647547,127.04137818681228,10
37.48500167769261,127.041388123109,16
37.48590268580707,127.04138862015613,27
37.49220973875113,127.04139210010574,25
37.502120808309876,127.04139757078978,13
37.50392281916584,127.04139856574754,10
37.50482382438715,127.04139906325963,11
37.51743788301784,127.04140603075543,23
37.578705783557396,127.04143993473238,15
37.602131577064654,127.04145292517497,26
37.46517906312093,127.04250756488634,38
37.46608007425283,127.04250807501224,15
37.493110344158275,127.04252338935487,15
37.50212040657468,127.04252849868307,29
37.50302141205855,127.04252900974103,31
37.524645502334785,127.04254128196112,13
37.57239842047622,127.04256842962027,10
37.578705380716215,127.04257201995274,10
37.579606374484726,127.04257253294875,23
37.60303216406808,127.04258587886746,14
37.60393315411354,127.04258639248073,18
37.66249721120787,127.04261982646071,10
37.66429917295236,127.04262085673443,14
37.46517865110578,127.04363793608084,13
37.50031798265812,127.04365837732745,10
37.5012189884042,127.04365890192885,15
37.50302099948302,127.04365995120172,18
37.50482301001073,127.04366100056804,10
37.510229038287015,127.04366414922775,17
37.517437068272464,127.04366834874943,11
37.55167509025728,127.0436883169197,24
37.60393274004092,127.04371885987561,14
37.477792371211955,127.04477583102218,12
37.49851554741824,127.04478820168728,24
37.51022861477454,127.04479519940814,10
37.548070673227,127.04481783513307,13
37.55167466611416,127.04481999312513,13
37.580506529808396,127.04483727090718,15
37.604833304982094,127.04485186820057,21
37.61924912431269,127.04486052673529,10
37.46337577204273,127.04589757682878,15
37.48680202280053,127.0459119048987,11
37.50302014184995,127.04592183405241,11
37.50392114715494,127.04592238590541,10
37.51112918463463,127.04592680161421,11
37.567892171569966,127.04596163034476,16
37.58050609436867,127.04596938334119,20
37.68051552549128,127.04603102494116,11
37.468781393663946,127.04703130722234,10
37.494009636308654,127.04704712238791,32
37.50392070208299,127.04705334088497,12
37.504821707235806,127.04705390635392,11
37.523742783615,127.04706578702005,15
37.524643785736295,127.0470663530432,18
37.60573341218919,127.04711739848423,14
37.52284132514641,127.04819646152235,10
37.56969325909418,127.04822663507804,19
37.50391977945604,127.04931525076796,14
37.50482078457901,127.04931584341965,26
37.52013785058732,127.04932592253692,11
37.570593786325226,127.04935917835,11
37.62465323769066,127.04939490173349,12
37.679613170865025,127.04943131850835,13
37.48680017868077,127.05043469217922,15
37.48770118640597,127.05043529790963,17
37.48860219399342,127.05043590366704,13
37.5003152800932,127.05044378096783,13
37.50482030700856,127.05044681191322,21
37.51833536708632,127.05045590879908,12
37.51923636998912,127.05045651547421,11
37.52464238451208,127.05046015609223,16
37.62465275806187,127.05052768328274,16
37.50391881351837,127.05157716054538,31
37.50572082356398,127.05157840024181,11
37.516532872263355,127.05158584073929,12
37.524641895765846,127.05159142372202,10
37.5687908278741,127.05162185924497,10
37.57329580233676,127.05162496864637,10
37.585909712494875,127.05163367865465,22
37.62555325417678,127.05166108834915,13
37.65258278858402,127.05167980759956,11
37.67871122047854,127.05169792666884,16
37.495809262427855,127.05270241582987,17
37.49671026874342,127.05270304900188,10
37.49761127492122,127.0527036822021,16
37.50121529825464,127.05270621528484,19
37.503918314308,127.052708115393,20
37.505720324321324,127.05270938227277,17
37.51292835886302,127.05271445092022,13
37.52464139618389,127.05272269132418,17
37.566988336782025,127.05275252338444,13
37.573295301881544,127.05275697180186,10
37.59131516493925,127.05276968920995,10
37.592216156644334,127.05277032537776,13
37.65258228670333,127.05281301323127,19
37.512927848659935,127.05384554168049,16
37.524640885766175,127.05385395889809,10
37.52734389102178,127.05385590202494,23
37.54536389436034,127.05386886283982,10
37.58320572189672,127.05389611815359,11
37.58861167740566,127.0539000159331,17
37.678710204880524,127.05396513251237,12
37.4913031983465,127.05496077957162,10
37.49670923810646,127.05496474119369,14
37.506620298117454,127.05497200691678,14
37.5237393625021,127.05498456518721,11
37.52464036451273,127.05498522644315,12
37.525541366385546,127.05498588772856,15
37.52644236812054,127.0549865490434,21
37.56518531233903,127.05501501345802,17
37.56608630800917,127.05501567606989,13
37.587710162730794,127.05503158761071,10
37.589512147039315,127.05503291434027,11
37.6120369043544,127.05504950843505,12
37.62915566226405,127.05506213231037,11
37.63996748370821,127.05507011079045,10
37.65348223257732,127.0550800898896,12
37.6769077237427,127.05509740279793,13
37.67780870230926,127.05509806907955,13
37.67870968073781,127.05509873539084,14
37.50661976637243,127.05610300245388,22
37.521936826029865,127.05611446946703,12
37.52554083427915,127.0561171688495,11
37.590412605639955,127.05616584004483,13
37.6102343932149,127.05618074295424,10
37.65348169802255,127.05621330912584,11
37.67060033502987,127.05622621915012,15
37.50211419876148,127.05723055900478,12
37.50571821906681,127.05723331010847,16
37.50752022839276,127.05723468584407,13
37.52013427824123,127.05724431942433,11
37.5444612980989,127.05726291544005,17
37.57779816210761,127.05728843520998,12
37.57869915581273,127.05728912551726,11
37.59311503634222,127.05730017461586,16
37.61113483736034,127.05731399706585,10
37.664292928907095,127.05735484510684,10
37.47598443282875,127.05834116181794,39
37.49220257843881,127.05835377406359,12
37.49850962301026,127.05835868155616,12
37.503014650713624,127.05836218784458,20
37.50751967497236,127.05836569491365,19
37.51382670314733,127.05837060612231,11
37.562480693512626,127.05840854408734,14
37.563381689543604,127.05840924750294,10
37.577797607289305,127.05842050641412,12
37.661589430200074,127.05848610792322,18
37.47598386921797,127.05947169545526,14
37.49310302126205,127.05948526666056,10
37.50121207592394,127.05949169913443,18
37.5075191107229,127.05949670395204,40
37.50842011514301,127.05949741905333,10
37.51382613877005,127.05950171032981,12
37.51472714222559,127.05950242565405,17
37.52373716920186,127.0595095806483,10
37.57779704161456,127.05955257758691,10
37.63455937342916,127.05959784819615,14
37.654381011125565,127.05961368692977,11
37.49850848405081,127.06062042779213,20
37.49940948983021,127.06062115616281,15
37.512924559986516,127.06063208561571,15
37.51382556356126,127.0606328145055,23
37.514726566998185,127.06063354342771,22
37.53635060814175,127.06065104730193,13
37.53725160813332,127.06065177703606,17
37.54355860421502,127.06065688608489,13
37.59671730278209,127.06070001140931,17
37.61293511526294,127.06071319086303,24
37.63095485449705,127.06072784709815,22
37.63185584001039,127.0607285802527,17
37.653479450944005,127.06074618576211,14
37.654380433008335,127.06074691973352,26
37.47778472781746,127.06173424493288,11
37.49940890409318,127.06175204282016,12
37.514725980938906,127.06176466116894,10
37.56698394336632,127.06180778396408,12
37.589508784147036,127.06182640575456,12
37.63185525148246,127.06186147090156,14
37.64897394966339,127.0618756670224,15
37.49400227101673,127.06287839667228,11
37.49490327744677,127.06287915205023,13
37.499408307530224,127.0628829294445,10
37.508418357363276,127.06289048675633,29
37.50931936158874,127.06289124267258,19
37.51022036567639,127.0628919986225,12
37.53995342325865,127.06291696386324,10
37.58950818565151,127.06295865421099,16
37.590409177470875,127.06295941316291,12
37.65437924411498,127.06301338524236,11
37.65528022600292,127.06301414663209,17
37.47868453369048,127.0639961346178,16
37.50751674543426,127.0640207397811,12
37.50931875398364,127.06402227876812,13
37.54175481361162,127.06405000398394,24
37.54265581271822,127.06405077476342,11
37.633656012290736,127.06412880057324,13
37.6453688070682,127.06413886901933,21
37.47958492466806,127.06512749076501,14
37.49490205204136,127.06514078933228,12
37.50481311324188,127.06514939965294,18
37.56157614251848,127.06519879463579,14
37.56247713857236,127.06519957980093,19
37.614734673777576,127.06524517926005,11
37.51562453158379,127.06628992874491,11
37.5615755120722,127.06633062017241,10
37.57238745537487,127.06634020806389,21
37.61473404212762,127.06637781001413,12
37.63455574401224,127.06639543799061,11
37.65617934264512,127.06641468822178,12
37.657080324196855,127.06641549076146,20
37.500306818541816,127.06740728553237,16
37.50120782392666,127.0674080955015,34
37.51021787019665,127.06741619717656,11
37.54805991404163,127.06745026363292,12
37.54896091212222,127.06745107551582,11
37.566079849460934,127.0674665081623,20
37.591307666398464,127.06748927482438,16
37.498504156687254,127.0685365385647,20
37.54085127277308,127.06857528201041,18
37.5606732224998,127.06859344511959,10
37.56788118767578,127.0686000542997,10
37.57238616143,127.06860418623312,12
37.57869311889506,127.06860997248585,17
37.58860403840372,127.06861906881399,10
37.615633734071,127.06864389964369,13
37.62374261856575,127.06865135536466,10
37.63635641668224,127.06866295909508,25
37.496701483540924,127.06966573735737,17
37.51562257836894,127.06968332214144,13
37.54085061026946,127.06970679411297,18
37.615633069787094,127.06977654395496,20
37.6489695226807,127.0698077204449,19
37.496700811261796,127.07079658297216,11
37.51021588487055,127.07080934571533,14
37.51111688867545,127.07081019686797,16
37.53994893766694,127.07083745377389,31
37.540849936923806,127.0708383061782,11
37.56067188569972,127.07085706867933,12
37.57058283506628,127.07086645682533,24
37.571483829636016,127.07086731052122,14
37.57238482406785,127.07086816425512,10
37.60482053177933,127.0708989240119,10
37.62914719526654,127.07092202621685,12
37.64536491505703,127.07093744312903,10
37.572384139105324,127.07200015320942,16
37.5786910961126,127.0720062258861,10
37.593106972471894,127.07202011340098,16
37.49129339637223,127.07305300836398,11
37.559769509321086,127.07311981158946,12
37.564274488840084,127.07312421446969,10
37.57869040013824,127.07313831027639,12
37.57959139342238,127.07313919159785,10
37.593106276137426,127.07315241613078,17
37.61653199933819,127.07317535959356,30
37.625541868049986,127.0731841910793,29
37.54715484230099,127.07423909601444,16
37.55886780667521,127.0742507155192,10
37.57238273661727,127.07426413100147,19
37.579590686568395,127.07427128959053,13
37.602115473284115,127.07429367662722,12
37.61743227901576,127.07430891405653,21
37.621036227512484,127.07431250101104,15
37.65707559108099,127.07434840572733,12
37.58049096195749,127.0754042961886,10
37.61743156032955,127.075441585508,53
37.61833254763741,127.07544249585453,13
37.626441427200845,127.0754506907981,11
37.63815423351027,127.07546253374005,10
37.6390552176453,127.07546344501965,17
37.66248075672788,127.07548715254283,11
37.66338173713753,127.0754880649191,12
37.55796536508541,127.07651336287316,15
37.6273416833118,127.07658442334049,13
37.648064321047336,127.07660569650669,11
37.51561764173988,127.07760123873278,12
37.51651864458001,127.0776021717081,16
37.59040040839548,127.07767881723572,10
37.59400437315992,127.07768256320634,18
37.60121229606916,127.07769005714987,10
37.61202416388282,127.07770130307281,14
37.61833107760188,127.07770786597082,18
37.51021087338887,127.07872669095111,10
37.51201288053658,127.07872858363653,39
37.58138973650031,127.07880158034298,17
37.60481550325189,127.0788262851657,10
37.61833032627578,127.07884055096662,17
37.61923131337392,127.07884150235896,15
37.62734019104963,127.07885006679696,11
37.51021011414247,127.07985774010683,14
37.55706211953329,127.07990771252274,15
37.56336909179376,127.07991444842007,10
37.5714780462019,127.07992311194546,16
37.58138897531152,127.07993370541543,21
37.582289968039596,127.07993466871552,10
37.58319096062979,127.07993563205851,13
37.586794929611564,127.07993948585953,23
37.591299887736035,127.0799443040763,28
37.59220087894722,127.07994526784842,14
37.59310187002049,127.07994623166346,16
37.594903851753315,127.07994815942233,29
37.59760682331823,127.0799510513826,12
37.599408803671935,127.07995297957079,16
37.601210783473974,127.07995490793076,11
37.4885844361881,127.08209616087039,11
37.511109566727335,127.08212082539772,11
37.5624665422746,127.0821771632909,11
37.51110877496498,127.08325188801895,21
37.53633681819812,127.08327992582598,18
37.58138662659823,127.08333008037295,20
37.6021094227078,127.08335318899343,11
37.58769276746521,127.08446933133993,16
37.62012838036702,127.08450601481198,11
37.511107158948924,127.0855140131271,13
37.51200816230123,127.08551504106784,15
37.54534518944669,127.08555310707125,14
37.594899881017,127.08560980770804,14
37.595800871548185,127.0856108399148,13
37.596701861941455,127.08561187216753,21
37.504799307557185,127.08663778615288,11
37.50930432763051,127.08664299267815,14
37.59219608193967,127.08673899993119,15
37.59309707285785,127.0867400456508,20
37.62102772291221,127.08677248607007,12
37.62192870941666,127.08677353328113,15
37.62282969578319,127.08677458053883,10
37.50389746826106,127.08776769867885,13
37.504798472662124,127.08776875343611,13
37.5075014850385,127.08777191798973,10
37.58048235028727,127.08785752093016,21
37.58408632019538,127.08786175624186,10
37.58859127947774,127.08786705144257,24
37.59670019749777,127.08787658577582,14
37.603007126012294,127.08788400401095,13
37.58138249491985,127.08899070439959,13
37.5822834874384,127.0889917768474,22
37.59669934898027,127.08900894250947,14
37.50749978259916,127.09003393396982,12
37.55254980350095,127.09008809967006,13
37.59399551833249,127.09013803874416,10
37.50749891513592,127.09116494188787,10
37.549845943181694,127.0912164938039,12
37.59759860947215,127.09127475640044,10
37.51200305415694,127.09230149685136,16
37.59759772833485,127.09240712664266,18
37.59849871828665,127.09240824091373,19
37.51020015843741,127.09343032646835,11
37.51200216489176,127.09343257264588,12
37.589487920820424,127.09352934776645,13
37.593992875262366,127.09353498563577,20
37.598497826256384,127.09354062476069,10
37.585883052298286,127.0946570310655,16
37.59849692336165,127.09467300855744,13
37.54083238028599,127.09573156093558,10
37.59849600960244,127.09580539230333,13
37.60570392355099,127.09581463602959,10
37.614713803572705,127.09582619532002,13
37.58948518042885,127.0969260894541,12
37.59939607467519,127.09693894493846,16
37.515602510303715,127.09796158583549,25
37.51650351265431,127.097962763596,10
37.5137995617089,127.09909033320432,11
37.48857047963082,127.1001877218131,10
37.51289760469459,127.10022023108594,31
37.51379860739725,127.10022143588378,20
37.59488828612311,127.10033008768272,15
37.595789276279454,127.1003312973728,18
37.599393235525596,127.10033613667198,15
37.60029422499232,127.10033734663148,30
37.48766850883171,127.10131722706517,28
37.511094633826346,127.10134888348679,14
37.513797642254104,127.10135253850962,25
37.61290709446104,127.1014868937594,23
37.61380808182741,127.10148811819225,15
37.61470906905583,127.10148934267961,11
37.486766527136226,127.10244670515705,24
37.48766753377244,127.1024479355598,24
37.51109365794644,127.10247994526817,18
37.51379666627947,127.10248364108118,16
37.600292277838925,127.10260216816324,10
37.485864534545456,127.10357615608994,12
37.49397359026378,127.10358735342852,14
37.508389661758464,127.1036072708906,12
37.48225950969081,127.10470180784995,16
37.508388664314516,127.10473829177698,13
37.51469568427359,127.1047471053024,12
37.54532968514667,127.10478995295269,20
37.515595678039276,127.10587949420334,20
37.50478262276366,127.1069951895717,28
37.50568362651409,127.10699647543812,17
37.51108964612252,127.10700419183917,12
37.513792654066144,127.10700805081281,14
37.51469365643836,127.10700933725191,11
37.51559465867277,127.10701062374831,24
37.5011775767183,127.10812095866231,23
37.50388058910994,127.10812485651653,12
37.51198961884284,127.10813655320364,13
37.51379162393412,127.10813915310405,12
37.51469262627302,127.10814045314106,18
37.515593628474086,127.108141753236,10
37.48946346863477,127.10923480929415,21
37.49577050792404,127.10924399491772,12
37.50658255956717,127.1092597483632,21
37.513790582970614,127.10927025533736,11
37.51469158527584,127.10927156897233,46
37.49576945680946,127.1103748252613,11
37.50207648910822,127.11038410886165,23
37.50027341845819,127.11151235432881,11
37.49937134111392,127.11264189902467,15
37.51739140307265,127.11266897976068,11
37.49756824822795,127.11377004961406,23
37.50387527786831,127.11377961940666,11
37.52009332307646,127.11380424114535,12
37.52730132883422,127.1138151904763,16
37.50657608800056,127.11604570794472,15
37.479544812554096,127.11713448058201,32
37.492158902165855,127.11715417642323,14
37.49396091276272,127.11715699111718,11
37.49486191785445,127.11715839855815,10
37.5074759746681,127.11717810931306,12
37.525496008969284,127.11720628885719,45
37.48044469358459,127.11826648607232,11
37.49215777542592,127.11828495200369,22
37.493058780756805,127.11828637290273,21
37.50026681844264,127.1182977423727,13
37.510177855858714,127.11831338200798,12
37.47683952678026,127.11939135108956,16
37.492156637862934,127.1194157275209,16
37.49395864831325,127.11941859654956,18
37.49485965333171,127.11942003115969,15
37.488551467071225,127.12054071135589,13
37.4984625233812,127.12055664078866,10
37.48134225688635,127.12165974364875,15
37.53900641891497,127.12175337048178,11
37.48584612010638,127.12279772889838,15
37.49485617536686,127.12281247958141,11
37.53900524691286,127.12288485294305,26
37.48224091370878,127.12392245634489,23
37.48314192036795,127.12392394443174,12
37.538103065956015,127.12401484313787,14
37.53900406406948,127.12401633533848,23
37.4930517928071,127.12507110653601,15
37.53810187230999,127.12514631185262,15
37.46962441376886,127.12616250162576,10
37.47052542227967,127.12616401592186,22
37.4714264306527,127.12616553028539,15
37.4732284469854,127.1261685592147,16
37.47953549980948,127.12617916259154,14
37.48313952696314,127.1261852231479,11
37.49124857999744,127.12619886334667,15
37.49935762186902,127.1262125090124,11
37.508367655299864,127.12622767727784,10
37.54530864824976,127.1262899378277,10
37.47052420989741,127.12729446516023,18
37.471425218231204,127.1272959930926,19
37.475029250188484,127.12730210550238,12
37.47593025783333,127.12730363377494,64
37.51106944849246,127.12736328950946,11
37.51197045062469,127.12736482050626,16
37.502058195006114,127.12847890772989,19
37.52368224026573,127.12851598043564,13
37.53719722823163,127.12853917100344,10
37.51557074974617,127.13076433002712,15
37.505658468868354,127.13187801975754,13
37.53629248668943,127.13193194792342,11
37.538094482774746,127.13193512271178,10
37.498447895238776,127.13412708218061,30
37.52097294935981,127.13416739291915,13
37.521873949732665,127.13416900628224,10
37.535388938781765,127.13419321535126,20
37.54620090768571,127.13421259425239,13
37.54710190419812,127.1342142096283,17
37.49754560194628,127.13525632676125,11
37.5290793553219,127.13644457966237,12
37.53358171297795,127.13871558621366,22
37.49573832844927,127.13977639170193,12
37.50745136996174,127.13979822819591,12
37.537184370710534,127.13985371609716,13
37.533579033415045,127.14097838560653,16
37.54078701504976,127.14099195601088,20
37.54799226353085,127.14326876604368,15
37.49212887324964,127.1442927716698,11
37.49302987764525,127.14429450498555,27
37.55069387222972,127.14440559788034,12
37.554297853139644,127.14441255170397,13
37.497532113207185,127.14656488345256,12
37.540780124675074,127.14664949769171,14
37.50383487598651,127.1499700626377,10
37.56958327077752,127.16821293178549,10
37.55696448984981,127.17157982767993,15
37.547050244681365,127.17382031155486,21
